SNo,Date,Price,Open,High,Low,Vol.,Change %
54,1/1/2018,8.45,8.53,8.7,7.8,642510,-0.94
55,1/2/2018,8.72,8.45,9.11,8.09,1230000,3.2
56,1/3/2018,9.3,8.72,9.47,8.27,926410,6.65
57,1/4/2018,9.14,9.3,9.46,8.56,918410,-1.72
58,1/5/2018,14.88,9.14,16.82,8.97,2600000,62.8
59,1/6/2018,22.6,14.89,23.6,14.7,2660000,51.88
60,1/7/2018,18.59,22.6,22.66,18.05,1380000,-17.74
61,1/8/2018,18,18.59,19.3,14,2000000,-3.17
62,1/9/2018,17.4,18,20.61,16.43,1260000,-3.33
63,1/10/2018,17.48,17.4,17.56,14.6,1130000,0.46
64,1/11/2018,21.33,17.5,23,13.9,3540000,22.04
65,1/12/2018,22.05,20.72,24.64,19.28,2920000,3.38
66,1/13/2018,22.09,22.37,23.5,21.1,1080000,0.17
67,1/14/2018,20.45,22.1,22.1,18.27,1380000,-7.41
68,1/15/2018,19.44,20.42,23.23,19.05,2290000,-4.96
69,1/16/2018,13,19.44,19.44,10,9930000,-33.12
70,1/17/2018,14.1,13.01,15.66,9.4,9970000,8.5
71,1/18/2018,14.14,14.3,15.9,13.1,6700000,0.25
72,1/19/2018,14.93,14.02,15.48,13.5,3000000,5.59
73,1/20/2018,16.11,14.95,16.65,14.82,2620000,7.88
74,1/21/2018,14.13,16.2,16.26,13.05,3320000,-12.24
75,1/22/2018,12.9,14.16,14.48,11.66,2880000,-8.73
76,1/23/2018,13.1,12.9,13.88,11.64,2340000,1.57
77,1/24/2018,13.77,13.1,14.29,12.6,1950000,5.07
78,1/25/2018,13.19,13.8,14.15,13.01,1430000,-4.18
79,1/26/2018,13.17,13.19,13.6,12.01,1790000,-0.16
80,1/27/2018,13.4,13.13,13.55,12.85,992880,1.75
81,1/28/2018,13.77,13.4,14.01,13.3,1380000,2.79
82,1/29/2018,12.81,13.77,13.87,12.74,857950,-6.96
83,1/30/2018,11.47,12.81,12.84,11.11,1320000,-10.46
84,1/31/2018,11.31,11.47,11.5,10.55,947120,-1.41
85,2/1/2018,9.51,11.31,11.45,8.66,2170000,-15.9
86,2/2/2018,9.75,9.51,10.7,7.31,4020000,2.47
87,2/3/2018,9.75,9.75,10.32,8.58,2350000,0
88,2/4/2018,8.4,9.73,9.75,8.04,2020000,-13.87
89,2/5/2018,6.7,8.4,8.56,6.08,3130000,-20.25
90,2/6/2018,8.25,6.73,8.6,5.52,6160000,23.07
91,2/7/2018,8.11,8.26,9.23,7.32,4410000,-1.66
92,2/8/2018,8.28,8.11,8.38,8.04,4410000,2.11
93,2/9/2018,8.28,8.28,8.28,8.28,0,0
94,2/10/2018,9.24,9.86,10.35,8.77,3350000,11.6
95,2/11/2018,8.67,9.24,9.39,8.03,3020000,-6.17
96,2/12/2018,9.34,8.67,9.43,8.67,1910000,7.73
97,2/13/2018,8.99,9.34,9.35,8.74,1370000,-3.7
98,2/14/2018,10.36,9.02,10.65,8.96,2570000,15.18
99,2/15/2018,10.87,10.38,11.29,10.05,4240000,4.89
100,2/16/2018,11.2,10.87,11.2,10.3,1960000,3.07
101,2/17/2018,11.66,11.2,11.85,10.9,2290000,4.14
102,2/18/2018,10.64,11.68,11.68,10.58,2180000,-8.75
103,2/19/2018,11.06,10.64,11.19,10.54,1340000,3.92
104,2/20/2018,9.89,11.06,11.2,9.7,2360000,-10.58
105,2/21/2018,9.37,9.89,10.2,9.05,2280000,-5.26
106,2/22/2018,8.86,9.4,9.8,8.63,1790000,-5.44
107,2/23/2018,9.7,8.86,9.73,8.62,1620000,9.48
108,2/24/2018,9.09,9.69,9.84,8.7,1360000,-6.32
109,2/25/2018,9.34,9.09,9.47,8.9,885070,2.78
110,2/26/2018,9.92,9.34,10.1,9.09,1270000,6.21
111,2/27/2018,10.56,9.92,11.11,9.79,2380000,6.5
112,2/28/2018,10.46,10.56,11.17,10.35,1610000,-1.02
113,3/1/2018,10.5,10.46,10.68,10.33,1230000,0.38
114,3/2/2018,10.23,10.5,10.56,10.11,710330,-2.52
115,3/3/2018,10.24,10.23,10.46,10.12,635350,0.07
116,3/4/2018,10.39,10.24,10.4,9.86,592200,1.51
117,3/5/2018,10.09,10.39,10.45,10.09,470750,-2.91
118,3/6/2018,9.39,10.09,10.13,9.11,940570,-6.98
119,3/7/2018,9.01,9.39,10.21,8.13,2930000,-4.01
120,3/8/2018,8.26,9.01,9.14,8.02,1880000,-8.39
121,3/9/2018,8.33,8.26,8.33,7.07,1950000,0.85
122,3/10/2018,7.65,8.28,8.34,7.57,2210000,-8.12
123,3/11/2018,8.27,7.65,8.42,7.33,2660000,8.06
124,3/12/2018,8.03,8.25,8.5,7.68,2530000,-2.88
125,3/13/2018,10.15,8.03,10.97,7.83,7220000,26.46
126,3/14/2018,8.91,10.15,10.67,8.5,5160000,-12.2
127,3/15/2018,9.12,8.91,9.42,8.31,4270000,2.31
128,3/16/2018,9.08,9.12,9.38,8.56,4040000,-0.44
129,3/17/2018,8.94,9.08,9.47,8.64,3960000,-1.54
130,3/18/2018,8.94,8.92,8.98,7.8,3950000,0
131,3/19/2018,9.01,8.94,9.3,8.45,3910000,0.75
132,3/20/2018,9.18,9.03,9.26,8.6,3930000,1.93
133,3/21/2018,9.94,9.18,10.33,9.06,4960000,8.28
134,3/22/2018,10.07,9.97,10.93,9.49,4700000,1.32
135,3/23/2018,11.79,10.07,11.97,9.5,5520000,17.04
136,3/24/2018,13.17,11.75,14.93,11.54,8440000,11.75
137,3/25/2018,12.97,13.17,14.25,12.49,6180000,-1.54
138,3/26/2018,11.97,12.97,13.01,10.82,5490000,-7.7
139,3/27/2018,11.5,11.97,12.22,10.83,4080000,-3.98
140,3/28/2018,11.67,11.53,12.23,11.32,3220000,1.48
141,3/29/2018,10.19,11.67,11.75,10.12,3600000,-12.69
142,3/30/2018,10.37,10.19,10.85,9.71,3790000,1.86
143,3/31/2018,11.04,10.42,11.47,10.25,4180000,6.46
144,4/1/2018,11.1,11.05,11.31,10.32,4100000,0.5
145,4/2/2018,12.6,11.11,12.66,10.98,4510000,13.51
146,4/3/2018,13.31,12.6,13.96,12.22,5150000,5.6
147,4/4/2018,12.21,13.31,13.45,12,5110000,-8.23
148,4/5/2018,12.49,12.21,12.64,12.1,4290000,2.28
149,4/6/2018,12.26,12.49,12.65,12.01,3150000,-1.84
150,4/7/2018,12.5,12.26,12.65,12.22,3260000,1.97
151,4/8/2018,12.12,12.5,12.52,12.11,3090000,-3
152,4/9/2018,11.88,12.12,12.55,11.52,3010000,-1.99
153,4/10/2018,12.08,11.89,12.43,11.81,3450000,1.69
154,4/11/2018,12.3,12.08,12.3,11.77,3390000,1.79
155,4/12/2018,12.97,12.3,13.02,11.85,4900000,5.46
156,4/13/2018,13.49,12.97,13.8,12.72,5340000,4.03
157,4/14/2018,13.27,13.52,13.88,12.93,3520000,-1.69
158,4/15/2018,13.1,13.27,13.62,12.9,3850000,-1.25
159,4/16/2018,12.23,13.1,13.1,12.01,2710000,-6.63
160,4/17/2018,11.74,12.23,12.48,11.67,2440000,-3.96
161,4/18/2018,12.3,11.74,12.44,11.51,2740000,4.68
162,4/19/2018,12.35,12.3,12.43,12.05,2400000,0.45
163,4/20/2018,12.57,12.35,12.72,11.89,2740000,1.81
164,4/21/2018,13.35,12.57,13.74,12.39,4560000,6.15
165,4/22/2018,12.87,13.35,13.4,12.8,2560000,-3.55
166,4/23/2018,13.64,12.87,13.86,12.82,4450000,5.98
167,4/24/2018,15.12,13.64,15.67,13.62,4770000,10.84
168,4/25/2018,13.36,15.12,15.9,12.95,5200000,-11.63
169,4/26/2018,14.63,13.36,14.74,13.2,4220000,9.49
170,4/27/2018,14.29,14.63,14.78,14.13,2890000,-2.3
171,4/28/2018,15.2,14.29,15.36,14.18,3780000,6.31
172,4/29/2018,15.07,15.2,15.43,14.53,2830000,-0.8
173,4/30/2018,14.32,15.05,15.15,14.05,2060000,-5.02
174,5/1/2018,14.16,14.32,14.33,13.5,1990000,-1.13
175,5/2/2018,14.43,14.17,14.44,13.9,2100000,1.89
176,5/3/2018,14.64,14.43,14.84,14.19,2500000,1.49
177,5/4/2018,14.35,14.64,14.73,14.25,1880000,-1.98
178,5/5/2018,14.43,14.36,14.57,14.21,1880000,0.58
179,5/6/2018,14.01,14.44,14.94,13.64,2100000,-2.92
180,5/7/2018,13.78,14.01,14.05,12.93,1530000,-1.66
181,5/8/2018,13.5,13.77,13.82,13.1,1440000,-2.04
182,5/9/2018,14.65,13.5,14.8,13.03,2600000,8.5
183,5/10/2018,13.78,14.65,15.04,13.75,1660000,-5.94
184,5/11/2018,12.94,13.79,14.13,12.53,1570000,-6.06
185,5/12/2018,12.93,12.98,13.18,12.15,1280000,-0.05
186,5/13/2018,13.15,13.03,13.57,12.65,1880000,1.65
187,5/14/2018,12.82,13.15,13.2,12.29,1550000,-2.46
188,5/15/2018,12.51,12.88,13.33,12.47,1290000,-2.41
189,5/16/2018,12.29,12.53,12.57,11.88,1070000,-1.79
190,5/17/2018,12.37,12.33,12.95,12.22,1710000,0.61
191,5/18/2018,15.11,12.37,16.23,12.01,5630000,22.18
192,5/19/2018,14.33,15.11,15.65,13.95,3390000,-5.16
193,5/20/2018,14.17,14.33,14.39,13.69,2410000,-1.13
194,5/21/2018,14.67,14.17,14.8,14.08,2550000,3.57
195,5/22/2018,13.88,14.67,14.84,13.71,2360000,-5.4
196,5/23/2018,12.47,13.85,13.93,12.24,2220000,-10.18
197,5/24/2018,13.02,12.54,13.19,12.1,1570000,4.47
198,5/25/2018,12.99,13.04,13.38,12.58,1320000,-0.3
199,5/26/2018,12.73,13.04,13.26,12.69,1210000,-1.97
200,5/27/2018,12.6,12.79,12.8,12.29,1070000,-0.99
201,5/28/2018,11.89,12.6,12.75,11.63,938950,-5.65
202,5/29/2018,12.61,11.9,12.69,11.69,1470000,6.01
203,5/30/2018,12.62,12.59,12.79,12.18,1300000,0.08
204,5/31/2018,14.22,12.59,14.25,12.4,2730000,12.66
205,6/1/2018,14.25,14.2,14.45,13.76,2320000,0.25
206,6/2/2018,14.68,14.25,14.88,14,2360000,3.01
207,6/3/2018,14.68,14.68,15.03,14.3,2240000,0
208,6/4/2018,14.26,14.7,14.73,13.62,1580000,-2.85
209,6/5/2018,15.6,14.26,15.7,14.15,2610000,9.35
210,6/6/2018,17.27,15.6,17.4,15.32,3870000,10.73
211,6/7/2018,16.25,17.27,17.44,16.15,3250000,-5.88
212,6/8/2018,16.23,16.32,16.65,15.75,2530000,-0.15
213,6/9/2018,16.03,16.3,16.9,15.89,2340000,-1.23
214,6/10/2018,14.15,16.02,16.02,13.4,2580000,-11.7
215,6/11/2018,15.47,14.17,15.48,13.71,2470000,9.29
216,6/12/2018,15.26,15.48,16.15,14.92,3480000,-1.35
217,6/13/2018,14.58,15.2,15.8,13.71,3150000,-4.46
218,6/14/2018,14.81,14.56,15.2,14.06,2690000,1.6
219,6/15/2018,14.99,14.88,15.63,14.63,2570000,1.19
220,6/16/2018,15.76,14.92,15.96,14.85,2450000,5.14
221,6/17/2018,16.52,15.76,17.19,15.71,3240000,4.85
222,6/18/2018,16.84,16.6,17.17,16.16,2850000,1.89
223,6/19/2018,16.74,16.79,16.94,16.13,2120000,-0.57
224,6/20/2018,16.06,16.74,16.85,15.61,1950000,-4.07
225,6/21/2018,17.07,16.08,17.38,15.88,3560000,6.32
226,6/22/2018,15.56,17.06,17.25,15.18,3360000,-8.85
227,6/23/2018,15.58,15.56,16.03,15.32,2100000,0.09
228,6/24/2018,14.39,15.58,15.72,13.36,3870000,-7.58
229,6/25/2018,14.9,14.42,15.15,13.76,2270000,3.5
230,6/26/2018,14.06,14.92,15.01,13.84,1400000,-5.64
231,6/27/2018,14.08,14.06,14.31,13.85,1530000,0.16
232,6/28/2018,14.13,14.07,14.9,13.81,2390000,0.38
233,6/29/2018,14.5,14.19,14.69,13.75,1800000,2.62
234,6/30/2018,14.74,14.49,15.15,14.3,2160000,1.59
235,7/1/2018,14.37,14.67,14.74,14.1,1210000,-2.5
236,7/2/2018,14.6,14.39,14.75,14.02,1900000,1.62
237,7/3/2018,14.15,14.6,14.81,14.02,1780000,-3.1
238,7/4/2018,14.02,14.15,14.25,13.85,1080000,-0.93
239,7/5/2018,13.76,14.02,14.09,13.43,1170000,-1.82
240,7/6/2018,13.43,13.76,13.81,13.15,960650,-2.4
241,7/7/2018,14.13,13.44,14.28,13.31,2500000,5.23
242,7/8/2018,13.98,14.15,14.18,13.86,1790000,-1.06
243,7/9/2018,13.47,14.01,14.04,13.47,1070000,-3.67
244,7/10/2018,12.77,13.54,13.55,12.64,1270000,-5.18
245,7/11/2018,12.68,12.77,12.82,12.17,1670000,-0.75
246,7/12/2018,12.12,12.68,12.77,11.81,1060000,-4.4
247,7/13/2018,12.19,12.13,12.42,11.98,1100000,0.55
248,7/14/2018,12.09,12.19,12.28,11.93,705870,-0.82
249,7/15/2018,12.3,12.09,12.4,11.97,974980,1.76
250,7/16/2018,13.38,12.3,13.42,12.18,1690000,8.8
251,7/17/2018,13.72,13.38,13.9,12.83,2440000,2.56
252,7/18/2018,12.87,13.72,13.88,12.67,2500000,-6.23
253,7/19/2018,12.96,12.87,13.38,12.73,1660000,0.71
254,7/20/2018,12.08,12.96,13,11.82,1500000,-6.8
255,7/21/2018,12.18,12.08,12.49,11.85,962910,0.89
256,7/22/2018,12.14,12.18,12.33,11.95,720190,-0.33
257,7/23/2018,12.03,12.14,12.39,11.9,846360,-0.9
258,7/24/2018,12.16,12.03,12.29,11.64,1470000,1.03
259,7/25/2018,13,12.16,13.51,12.12,2390000,6.91
260,7/26/2018,13.34,13,13.62,12.93,2050000,2.62
261,7/27/2018,13.99,13.34,14.08,13.04,1870000,4.88
262,7/28/2018,14.66,13.99,14.88,13.72,2190000,4.75
263,7/29/2018,13.95,14.66,14.75,13.67,1630000,-4.79
264,7/30/2018,13.22,13.95,13.97,13.01,1210000,-5.27
265,7/31/2018,13.8,13.17,14.08,13,1910000,4.41
266,8/1/2018,13.65,13.8,14.09,13.21,1440000,-1.11
267,8/2/2018,14.16,13.65,14.2,13.36,1220000,3.75
268,8/3/2018,14.13,14.16,14.16,13.55,1720000,-0.25
269,8/4/2018,13.85,14.13,14.47,13.56,1670000,-1.95
270,8/5/2018,13.64,13.85,13.9,13.24,1180000,-1.55
271,8/6/2018,13.69,13.64,13.96,13.47,1400000,0.4
272,8/7/2018,13.15,13.69,13.85,13.08,1140000,-3.95
273,8/8/2018,12.15,13.15,13.15,11.96,1480000,-7.6
274,8/9/2018,12.79,12.15,12.86,12.04,1400000,5.27
275,8/10/2018,12.15,12.77,12.77,11.71,1320000,-5
276,8/11/2018,11.67,12.15,12.15,11.31,951810,-3.95
277,8/12/2018,11.77,11.67,11.84,11.36,827240,0.83
278,8/13/2018,10.26,11.77,11.86,10.11,1260000,-12.83
279,8/14/2018,9.43,10.26,10.28,8.54,1780000,-8.07
280,8/15/2018,9.54,9.4,10.63,9.34,2060000,1.15
281,8/16/2018,9.78,9.54,9.99,9.35,1010000,2.52
282,8/17/2018,10.88,9.78,10.88,9.71,1340000,11.25
283,8/18/2018,9.88,10.88,10.97,9.45,1130000,-9.19
284,8/19/2018,10.14,9.88,10.3,9.66,899110,2.64
285,8/20/2018,9.64,10.14,10.21,9.56,675690,-4.92
286,8/21/2018,9.74,9.64,9.84,9.36,467530,1
287,8/22/2018,9.52,9.74,10.24,9.19,930430,-2.27
288,8/23/2018,9.76,9.59,9.76,9.36,656280,2.57
289,8/24/2018,10.2,9.76,10.22,9.55,780040,4.55
290,8/25/2018,10.1,10.2,10.28,9.94,680300,-1.03
291,8/26/2018,10.22,10.1,10.25,9.73,744030,1.2
292,8/27/2018,11.17,10.22,11.31,10.1,1520000,9.28
293,8/28/2018,11.49,11.17,11.53,10.77,1550000,2.88
294,8/29/2018,11.17,11.49,11.49,10.71,1150000,-2.83
295,8/30/2018,10.77,11.17,11.19,10.35,754610,-3.51
296,8/31/2018,10.98,10.77,10.99,10.56,823120,1.9
297,9/1/2018,11.48,10.99,11.57,10.97,1050000,4.56
298,9/2/2018,11.33,11.48,11.5,11.08,705600,-1.27
299,9/3/2018,11.31,11.37,11.46,11.1,640540,-0.2
300,9/4/2018,11.44,11.31,11.45,11.22,632540,1.14
301,9/5/2018,9.97,11.44,11.57,9.92,1180000,-12.89
302,9/6/2018,10.29,9.97,10.33,9.54,861360,3.22
303,9/7/2018,9.94,10.29,10.3,9.65,545660,-3.36
304,9/8/2018,9.52,9.94,10.14,9.28,590910,-4.2
305,9/9/2018,9.51,9.52,9.76,9.15,575560,-0.18
306,9/10/2018,9.52,9.51,9.74,9.29,411190,0.11
307,9/11/2018,9.36,9.52,9.6,9.11,775040,-1.59
308,9/12/2018,9.21,9.36,9.48,9.01,719290,-1.67
309,9/13/2018,9.56,9.21,9.71,9.2,1020000,3.84
310,9/14/2018,9.89,9.56,10.09,9.5,1070000,3.47
311,9/15/2018,10.06,9.9,10.22,9.88,1110000,1.7
312,9/16/2018,9.94,10.06,10.13,9.7,796120,-1.21
313,9/17/2018,9.36,9.94,10.03,9.26,862340,-5.82
314,9/18/2018,9.52,9.36,9.65,9.22,892230,1.66
315,9/19/2018,9.61,9.52,9.79,9.23,981110,1
316,9/20/2018,10.01,9.61,10.08,9.58,1120000,4.19
317,9/21/2018,10.46,10.01,10.48,9.95,1440000,4.47
318,9/22/2018,10.25,10.46,10.6,10.02,855610,-2
319,9/23/2018,10.29,10.25,10.43,10.12,863610,0.37
320,9/24/2018,10.04,10.29,10.36,9.91,716920,-2.41
321,9/25/2018,9.82,10.04,10.04,9.37,669500,-2.21
322,9/26/2018,9.71,9.82,9.94,9.55,665880,-1.16
323,9/27/2018,10.06,9.71,10.1,9.64,1100000,3.65
324,9/28/2018,9.96,10.06,10.28,9.81,1020000,-1.02
325,9/29/2018,10,9.96,10.07,9.73,1030000,0.4
326,9/30/2018,10.02,10.01,10.06,9.82,1010000,0.22
327,10/1/2018,9.97,10.02,10.08,9.85,949170,-0.51
328,10/2/2018,10.31,9.98,10.68,9.86,1650000,3.4
329,10/3/2018,10.28,10.31,10.49,10.02,1520000,-0.27
330,10/4/2018,10.26,10.28,10.44,10.21,1400000,-0.22
331,10/5/2018,10.68,10.3,10.77,10.23,1630000,4.06
332,10/6/2018,10.41,10.68,10.75,10.33,1220000,-2.51
333,10/7/2018,10.59,10.41,10.6,10.27,1290000,1.7
334,10/8/2018,10.57,10.59,10.69,10.5,1240000,-0.14
335,10/9/2018,10.42,10.57,10.63,10.28,1060000,-1.4
336,10/10/2018,10.4,10.42,10.44,10.25,1030000,-0.25
337,10/11/2018,9.35,10.4,10.4,9.23,1020000,-10.06
338,10/12/2018,9.59,9.36,9.75,9.25,1040000,2.51
339,10/13/2018,9.68,9.55,9.73,9.54,1060000,1
340,10/14/2018,9.59,9.68,9.78,9.53,963460,-0.95
341,10/15/2018,10.56,9.59,10.98,9.52,2340000,10.16
342,10/16/2018,10.27,10.55,10.56,10.11,1280000,-2.78
343,10/17/2018,10.23,10.27,10.35,10.1,1400000,-0.35
344,10/18/2018,9.92,10.23,10.27,9.81,1260000,-3.05
345,10/19/2018,9.9,9.92,9.98,9.83,1110000,-0.22
346,10/20/2018,9.92,9.9,10,9.82,1160000,0.22
347,10/21/2018,9.92,9.91,10.02,9.87,1200000,0
348,10/22/2018,9.88,9.92,9.98,9.81,1040000,-0.41
349,10/23/2018,9.92,9.88,10.04,9.82,1220000,0.41
350,10/24/2018,9.87,9.92,9.99,9.86,1040000,-0.54
351,10/25/2018,9.8,9.87,9.93,9.75,1010000,-0.68
352,10/26/2018,9.83,9.8,9.91,9.75,1020000,0.3
353,10/27/2018,9.73,9.83,9.83,9.7,851500,-1.06
354,10/28/2018,9.7,9.73,9.76,9.64,841910,-0.26
355,10/29/2018,9.44,9.7,9.73,9.38,786960,-2.63
356,10/30/2018,9.43,9.44,9.54,9.4,718680,-0.13
357,10/31/2018,9.49,9.45,9.55,9.29,709700,0.63
358,11/1/2018,9.62,9.49,9.65,9.44,792430,1.36
359,11/2/2018,9.65,9.62,9.72,9.55,849510,0.3
360,11/3/2018,9.58,9.65,9.71,9.49,814170,-0.71
361,11/4/2018,9.82,9.59,9.9,9.5,934580,2.49
362,11/5/2018,9.73,9.82,9.83,9.66,836650,-0.87
363,11/6/2018,9.86,9.73,9.88,9.67,884710,1.35
364,11/7/2018,9.89,9.88,9.98,9.81,867190,0.25
365,11/8/2018,9.69,9.89,9.92,9.66,797780,-2.04
366,11/9/2018,9.62,9.69,9.75,9.53,737300,-0.75
367,11/10/2018,9.59,9.62,9.68,9.57,782360,-0.27
368,11/11/2018,9.55,9.59,9.62,9.37,753970,-0.42
369,11/12/2018,9.48,9.54,9.59,9.33,724750,-0.75
370,11/13/2018,9.39,9.48,9.59,9.36,658790,-0.89
371,11/14/2018,8.68,9.39,9.42,8.34,671740,-7.57
372,11/15/2018,8.38,8.68,8.73,7.8,821920,-3.53
373,11/16/2018,8.01,8.38,8.38,7.86,902840,-4.37
374,11/17/2018,7.85,8.01,8.02,7.69,752860,-2
375,11/18/2018,8.08,7.85,8.14,7.83,605110,2.97
376,11/19/2018,6.7,8.08,8.09,6.67,1050000,-17.05
377,11/20/2018,5.94,6.7,6.9,5.66,1630000,-11.38
378,11/21/2018,6.29,5.92,6.32,5.65,842730,5.86
379,11/22/2018,5.75,6.29,6.37,5.75,627770,-8.57
380,11/23/2018,5.65,5.78,5.84,5.48,600260,-1.7
381,11/24/2018,5.2,5.65,5.8,4.79,919710,-7.99
382,11/25/2018,5.28,5.2,5.37,4.54,1000000,1.55
383,11/26/2018,5.04,5.29,5.4,4.76,852940,-4.55
384,11/27/2018,4.99,5.04,5.04,4.71,702110,-1.05
385,11/28/2018,5.35,4.99,5.46,4.99,1140000,7.22
386,11/29/2018,5.38,5.35,5.63,5.14,1020000,0.57
387,11/30/2018,5.12,5.38,5.45,4.95,708620,-4.8
388,12/1/2018,5.28,5.11,5.39,5.01,924160,3.17
389,12/2/2018,5.28,5.28,5.43,5.2,852860,-0.14
390,12/3/2018,5.13,5.28,5.29,5.01,674850,-2.78
391,12/4/2018,5.89,5.13,6.35,5.1,2240000,14.89
392,12/5/2018,6.06,5.89,6.62,5.73,4210000,2.83
393,12/6/2018,4.9,6.06,6.1,4.9,3030000,-19.08
394,12/7/2018,4.52,4.9,4.98,4.13,2250000,-7.9
395,12/8/2018,4.63,4.52,4.8,4.3,1260000,2.45
396,12/9/2018,4.77,4.63,5,4.52,1510000,3.01
397,12/10/2018,4.63,4.77,4.94,4.49,928560,-2.9
398,12/11/2018,4.75,4.63,4.87,4.5,1180000,2.67
399,12/12/2018,4.98,4.88,5.14,4.74,1200000,4.72
400,12/13/2018,4.64,4.98,4.99,4.56,1000000,-6.77
401,12/14/2018,4.52,4.64,4.75,4.43,946230,-2.58
402,12/15/2018,4.55,4.52,4.6,4.45,969290,0.65
403,12/16/2018,4.62,4.55,4.7,4.51,1070000,1.5
404,12/17/2018,5.05,4.62,5.12,4.6,1510000,9.33
405,12/18/2018,5.54,5.05,5.54,4.91,1910000,9.7
406,12/19/2018,5.36,5.54,5.83,5.29,1800000,-3.2
407,12/20/2018,5.66,5.36,5.79,5.24,2160000,5.65
408,12/21/2018,5.47,5.66,5.78,5.32,1590000,-3.38
409,12/22/2018,5.83,5.47,5.88,5.39,1770000,6.66
410,12/23/2018,5.96,5.83,6.13,5.77,1880000,2.13
411,12/24/2018,6.1,5.96,6.47,5.93,2060000,2.37
412,12/25/2018,5.44,6.1,6.1,5.32,1440000,-10.78
413,12/26/2018,5.6,5.45,5.68,5.38,1350000,2.89
414,12/27/2018,5.17,5.62,5.65,5.1,1150000,-7.69
415,12/28/2018,5.88,5.17,5.89,5.11,1500000,13.7
416,12/29/2018,5.65,5.88,5.99,5.61,1230000,-3.87
417,12/30/2018,5.89,5.66,5.9,5.56,1400000,4.34
418,12/31/2018,6.11,5.89,6.24,5.84,2380000,3.56
419,1/1/2019,5.99,6.11,6.12,5.78,1420000,-1.82
420,1/2/2019,6.05,5.99,6.09,5.85,2130000,0.89
421,1/3/2019,5.79,6.05,6.06,5.78,1530000,-4.19
422,1/4/2019,5.96,5.79,5.99,5.75,1660000,2.86
423,1/5/2019,5.97,5.97,6.1,5.93,1630000,0.11
424,1/6/2019,6.26,5.97,6.37,5.93,2510000,4.95
425,1/7/2019,6.2,6.26,6.31,6.1,1680000,-0.98
426,1/8/2019,6.52,6.2,6.8,6.14,3950000,5.08
427,1/9/2019,6.56,6.52,6.85,6.35,4170000,0.61
428,1/10/2019,5.8,6.56,6.57,5.66,3350000,-11.47
429,1/11/2019,5.96,5.84,6.12,5.69,2560000,2.68
430,1/12/2019,5.86,5.96,5.96,5.8,1750000,-1.63
431,1/13/2019,5.47,5.86,5.89,5.38,1420000,-6.71
432,1/14/2019,6.06,5.47,6.06,5.46,2330000,10.78
433,1/15/2019,5.81,6.06,6.06,5.68,1370000,-4.11
434,1/16/2019,6.09,5.81,6.18,5.78,2160000,4.85
435,1/17/2019,6.32,6.09,6.32,5.96,2310000,3.77
436,1/18/2019,6.48,6.32,6.58,6.22,2500000,2.51
437,1/19/2019,6.53,6.48,6.64,6.24,2270000,0.79
438,1/20/2019,6.4,6.53,6.63,6.24,1780000,-2.06
439,1/21/2019,6.47,6.4,6.51,6.29,1850000,1.19
440,1/22/2019,6.48,6.47,6.5,6.26,1860000,0.09
441,1/23/2019,6.49,6.47,6.52,6.35,1930000,0.24
442,1/24/2019,6.46,6.49,6.49,6.39,1510000,-0.58
443,1/25/2019,6.68,6.46,6.75,6.44,2580000,3.46
444,1/26/2019,6.95,6.68,6.98,6.62,2740000,3.99
445,1/27/2019,7.04,6.95,7.2,6.79,2780000,1.32
446,1/28/2019,6.15,7.04,7.14,5.97,4950000,-12.58
447,1/29/2019,6.14,6.16,6.26,5.99,2960000,-0.2
448,1/30/2019,6.13,6.14,6.2,6,2240000,-0.09
449,1/31/2019,6.22,6.13,6.26,5.96,2270000,1.39
450,2/1/2019,6.52,6.22,6.64,6.12,2940000,4.87
451,2/2/2019,6.87,6.52,6.9,6.49,3250000,5.31
452,2/3/2019,6.79,6.87,6.9,6.62,3090000,-1.18
453,2/4/2019,7.11,6.79,7.18,6.69,3310000,4.69
454,2/5/2019,7.86,7.11,7.96,6.96,4150000,10.54
455,2/6/2019,8.13,7.86,8.48,7.34,5820000,3.48
456,2/7/2019,7.81,8.13,8.47,7.68,4350000,-3.88
457,2/8/2019,8.59,7.81,8.8,7.61,4960000,9.92
458,2/9/2019,8.9,8.59,8.92,8.44,5440000,3.58
459,2/10/2019,9.16,8.9,9.29,8.83,5750000,2.96
460,2/11/2019,9.53,9.17,9.78,9.04,6040000,4.02
461,2/12/2019,9.28,9.53,9.75,8.94,4940000,-2.63
462,2/13/2019,8.92,9.28,9.28,8.71,4000000,-3.85
463,2/14/2019,8.75,8.92,9.04,8.41,2800000,-1.92
464,2/15/2019,9.25,8.75,9.49,8.73,3320000,5.73
465,2/16/2019,9.1,9.25,9.32,9.06,2500000,-1.63
466,2/17/2019,9.22,9.1,9.22,8.91,2460000,1.33
467,2/18/2019,9.61,9.22,9.7,9.18,2810000,4.2
468,2/19/2019,10.47,9.61,11.11,9.5,4900000,8.95
469,2/20/2019,10.94,10.47,11.27,10.4,4340000,4.5
470,2/21/2019,10.47,10.94,10.94,10.14,3080000,-4.24
471,2/22/2019,10.76,10.47,10.96,10.39,3040000,2.71
472,2/23/2019,10.73,10.76,10.85,10.4,2880000,-0.3
473,2/24/2019,9.93,10.73,11.08,9.4,4800000,-7.43
474,2/25/2019,9.69,9.92,10.23,9.35,5350000,-2.38
475,2/26/2019,9.43,9.7,9.75,9.36,3120000,-2.72
476,2/27/2019,9.85,9.43,10,9.35,3530000,4.5
477,2/28/2019,10.27,9.85,10.49,9.8,3690000,4.26
478,3/1/2019,11.35,10.27,11.55,10.24,4020000,10.45
479,3/2/2019,11.75,11.35,11.8,10.83,3890000,3.56
480,3/3/2019,11.45,11.75,11.86,11.2,2860000,-2.58
481,3/4/2019,11.41,11.45,11.51,10.88,2740000,-0.29
482,3/5/2019,13.65,11.4,13.74,11.4,8340000,19.61
483,3/6/2019,14.58,13.65,14.64,12.9,6160000,6.78
484,3/7/2019,15.1,14.58,15.52,14.35,6760000,3.59
485,3/8/2019,14.29,15.1,15.21,13.58,6340000,-5.36
486,3/9/2019,14.47,14.29,14.92,13.98,4000000,1.23
487,3/10/2019,14.37,14.47,14.51,13.87,3530000,-0.66
488,3/11/2019,14.41,14.37,14.9,14.01,3760000,0.26
489,3/12/2019,15.34,14.41,15.43,14.18,4050000,6.48
490,3/13/2019,15.02,15.34,15.37,14.94,3280000,-2.09
491,3/14/2019,14.9,15.02,15.08,14.57,3080000,-0.78
492,3/15/2019,14.94,14.9,15.19,14.85,2990000,0.22
493,3/16/2019,15.95,14.94,16,14.88,3290000,6.81
494,3/17/2019,15.62,15.96,15.96,15.44,3100000,-2.09
495,3/18/2019,15.54,15.62,15.79,15.23,2480000,-0.51
496,3/19/2019,15.51,15.54,15.8,15,4270000,-0.21
497,3/20/2019,15.13,15.51,15.51,15.02,2370000,-2.42
498,3/21/2019,14.35,15.13,15.3,13.9,3020000,-5.16
499,3/22/2019,15.15,14.35,15.22,14.23,2690000,5.6
500,3/23/2019,15.15,15.15,15.44,14.96,2630000,-0.04
501,3/24/2019,17.13,15.15,17.45,14.68,5290000,13.08
502,3/25/2019,16.79,17.13,17.34,16.11,2770000,-1.96
503,3/26/2019,16.18,16.79,16.79,15.56,2730000,-3.64
504,3/27/2019,16.58,16.2,16.8,15.89,3240000,2.46
505,3/28/2019,16.65,16.58,16.72,16.41,2990000,0.44
506,3/29/2019,16.49,16.65,16.81,16.38,2740000,-0.98
507,3/30/2019,16.97,16.49,16.97,15.97,2790000,2.89
508,3/31/2019,17.53,16.97,17.72,16.75,3180000,3.32
509,4/1/2019,17.91,17.53,18.23,17.34,2970000,2.15
510,4/2/2019,19.72,17.91,19.88,17.56,3360000,10.09
511,4/3/2019,18.51,19.72,20,18,3530000,-6.11
512,4/4/2019,19,18.51,19.41,18.21,2940000,2.62
513,4/5/2019,19.36,19,19.46,18.88,2710000,1.93
514,4/6/2019,19.06,19.36,19.36,18.84,2520000,-1.57
515,4/7/2019,18.96,19.07,19.21,18.82,2330000,-0.52
516,4/8/2019,17.98,18.96,19.03,17.8,2140000,-5.16
517,4/9/2019,18.3,17.98,18.54,17.05,2780000,1.79
518,4/10/2019,18.24,18.3,18.61,17.89,2560000,-0.33
519,4/11/2019,17.53,18.23,18.23,16.32,1810000,-3.87
520,4/12/2019,18.32,17.53,18.54,16.62,2330000,4.51
521,4/13/2019,18.62,18.32,18.63,17.95,2210000,1.61
522,4/14/2019,19.38,18.62,19.9,18.43,2440000,4.11
523,4/15/2019,19.27,19.36,19.78,18.69,2220000,-0.6
524,4/16/2019,19.64,19.27,19.71,18.71,2240000,1.95
525,4/17/2019,19.49,19.64,19.77,19.27,2000000,-0.78
526,4/18/2019,21.88,19.49,21.99,19.43,3690000,12.26
527,4/19/2019,24.32,21.88,24.7,21.17,4250000,11.15
528,4/20/2019,24.89,24.32,25.49,23.79,3540000,2.33
529,4/21/2019,24.03,24.89,24.89,22.49,3310000,-3.44
530,4/22/2019,23.78,24.03,24.61,23.18,3010000,-1.03
531,4/23/2019,22.55,23.78,24.6,22.48,2880000,-5.19
532,4/24/2019,23.01,22.55,23.11,20.97,2960000,2.04
533,4/25/2019,22.48,23.01,23.44,21.61,3120000,-2.3
534,4/26/2019,23.06,22.48,23.78,21.68,3270000,2.57
535,4/27/2019,22.42,23.06,23.12,22.39,2990000,-2.76
536,4/28/2019,23.01,22.42,23.21,22.42,3020000,2.64
537,4/29/2019,21.67,23.01,23.08,21.34,2390000,-5.82
538,4/30/2019,22.04,21.67,22.3,21.34,2200000,1.71
539,5/1/2019,21.88,22.04,22.1,21.48,2070000,-0.74
540,5/2/2019,23.61,21.88,24.09,21.75,2440000,7.91
541,5/3/2019,23.7,23.61,23.97,23.02,2230000,0.4
542,5/4/2019,22.9,23.7,23.79,22.31,1900000,-3.41
543,5/5/2019,22.98,22.9,23.17,22.66,1790000,0.39
544,5/6/2019,22.18,22.98,22.99,21.47,1770000,-3.49
545,5/7/2019,20.66,22.19,22.45,20.3,1810000,-6.86
546,5/8/2019,20.67,20.66,21.4,19.6,2740000,0.03
547,5/9/2019,18.82,20.67,20.96,18.58,2330000,-8.92
548,5/10/2019,19.62,18.85,19.99,18.33,2430000,4.24
549,5/11/2019,20.85,19.62,22,18.89,3750000,6.25
550,5/12/2019,20.96,20.85,21.49,20.13,3230000,0.53
551,5/13/2019,23.5,20.96,23.99,20.74,4570000,12.13
552,5/14/2019,23.64,23.5,24.49,22.62,3820000,0.6
553,5/15/2019,26.82,23.64,27.4,23.46,3430000,13.45
554,5/16/2019,26.29,26.82,27.74,25.08,4200000,-1.98
555,5/17/2019,25.8,26.29,26.65,23.4,3430000,-1.87
556,5/18/2019,28.87,25.8,29.1,25.13,4320000,11.89
557,5/19/2019,29.17,28.87,29.84,27.62,4440000,1.05
558,5/20/2019,29.27,29.17,29.3,27.6,3980000,0.33
559,5/21/2019,32.41,29.27,32.7,28.06,4710000,10.75
560,5/22/2019,31.05,32.41,32.41,30.69,3800000,-4.2
561,5/23/2019,31.42,30.67,32.23,30.2,3790000,1.2
562,5/24/2019,34.1,31.42,34.7,31.21,4530000,8.53
563,5/25/2019,35.12,34.1,35.47,33.65,4180000,2.97
564,5/26/2019,33.27,35.07,35.07,32.37,3850000,-5.27
565,5/27/2019,33.46,33.27,35.08,32.76,3940000,0.58
566,5/28/2019,33.12,33.46,34.49,32.5,3590000,-1.02
567,5/29/2019,33.62,33.12,33.87,30.93,3640000,1.5
568,5/30/2019,31.63,33.62,34.95,30.38,3800000,-5.9
569,5/31/2019,32.93,31.63,32.96,30.61,3630000,4.11
570,6/1/2019,33.3,32.92,34.32,32.53,3650000,1.13
571,6/2/2019,33.16,33.3,33.75,32.69,3130000,-0.43
572,6/3/2019,30.87,33.16,33.16,30.51,2850000,-6.91
573,6/4/2019,29.2,30.87,31.45,28.73,2880000,-5.41
574,6/5/2019,30.85,29.2,31.18,29.01,3350000,5.66
575,6/6/2019,31.15,30.85,31.99,29.75,2990000,0.99
576,6/7/2019,31.43,31.16,31.96,30.95,2760000,0.88
577,6/8/2019,31.7,31.43,32.29,31.13,3230000,0.88
578,6/9/2019,30.15,31.7,31.84,29.77,2530000,-4.9
579,6/10/2019,31.99,30.15,32,29.75,6260000,6.09
580,6/11/2019,31.89,31.99,32.02,31,4840000,-0.32
581,6/12/2019,34.84,31.88,34.96,31.79,6400000,9.28
582,6/13/2019,35.2,34.85,36.25,34.18,6020000,1.03
583,6/14/2019,32.42,35.2,35.25,29.93,7610000,-7.9
584,6/15/2019,32.71,32.42,33.91,31.73,5370000,0.89
585,6/16/2019,32.2,32.71,33.21,31.78,4300000,-1.56
586,6/17/2019,33.78,32.19,34.3,32.19,7320000,4.91
587,6/18/2019,34.5,33.78,35.05,33.69,8080000,2.15
588,6/19/2019,35.12,34.5,35.63,34.33,8710000,1.79
589,6/20/2019,36.78,35.11,36.92,34.34,9540000,4.73
590,6/21/2019,38.65,36.78,38.82,36.24,5410000,5.08
591,6/22/2019,37.96,38.64,39.54,37.45,5410000,-1.79
592,6/23/2019,37.25,37.97,38.46,37.23,4670000,-1.87
593,6/24/2019,37.43,37.25,37.8,36.05,4410000,0.5
594,6/25/2019,36.08,37.4,37.5,35.74,3350000,-3.63
595,6/26/2019,36.02,36.08,37.94,34.52,4450000,-0.15
596,6/27/2019,34.42,36.02,36.28,33.28,3890000,-4.44
597,6/28/2019,34.61,34.42,35.27,33.86,3350000,0.56
598,6/29/2019,35.49,34.6,35.77,33.31,4060000,2.52
599,6/30/2019,32.11,35.49,35.51,32.05,3150000,-9.5
600,7/1/2019,33.27,32.12,34.01,31.44,2820000,3.61
601,7/2/2019,31.97,33.27,33.81,30.59,3020000,-3.94
602,7/3/2019,32.48,31.96,33.06,31.66,2930000,1.61
603,7/4/2019,33.07,32.48,34.36,32.19,3340000,1.83
604,7/5/2019,32.6,33.07,33.64,32.42,2380000,-1.44
605,7/6/2019,32.61,32.61,33.18,32.53,1910000,0.04
606,7/7/2019,32.97,32.61,33.37,32.47,2050000,1.11
607,7/8/2019,33.4,32.97,34.24,32.8,2350000,1.3
608,7/9/2019,32.52,33.4,33.91,32.28,1920000,-2.64
609,7/10/2019,31.22,32.51,32.94,30.62,2410000,-4.01
610,7/11/2019,29.43,31.24,31.78,28.37,2580000,-5.73
611,7/12/2019,31.88,29.43,32.59,29.03,4380000,8.32
612,7/13/2019,31.46,31.88,32.5,30.25,2670000,-1.31
613,7/14/2019,28.5,31.47,31.52,28.35,3180000,-9.43
614,7/15/2019,28.58,28.51,28.68,26.38,4390000,0.27
615,7/16/2019,25.06,28.58,29.52,24.95,5460000,-12.3
616,7/17/2019,27.61,25.06,28.09,24.18,8150000,10.16
617,7/18/2019,28.91,27.64,29.51,26.8,9110000,4.73
618,7/19/2019,28.99,28.91,29.92,28.33,5860000,0.27
619,7/20/2019,31.07,28.98,31.45,28.9,4340000,7.19
620,7/21/2019,30.42,31.07,31.52,29.31,3320000,-2.11
621,7/22/2019,30.84,30.42,32.54,29.79,5160000,1.37
622,7/23/2019,29.46,30.83,30.87,29.02,4040000,-4.47
623,7/24/2019,28.88,29.46,29.48,27.81,3580000,-1.95
624,7/25/2019,28.92,28.87,29.68,28.52,3350000,0.13
625,7/26/2019,28.88,28.93,29.03,28.21,2970000,-0.15
626,7/27/2019,27.7,28.88,29.42,27.27,2410000,-4.09
627,7/28/2019,27.72,27.71,27.86,26.66,2170000,0.08
628,7/29/2019,27.03,27.73,27.99,26.86,1800000,-2.49
629,7/30/2019,26.94,27.03,27.12,26.23,1870000,-0.32
630,7/31/2019,27.73,26.95,27.81,26.79,3050000,2.92
631,8/1/2019,28.69,27.73,28.77,27.46,3550000,3.45
632,8/2/2019,28.1,28.7,28.73,27.57,2480000,-2.04
633,8/3/2019,27.74,28.1,28.33,27.53,1940000,-1.3
634,8/4/2019,27.38,27.74,27.8,27.13,1720000,-1.3
635,8/5/2019,27.97,27.38,28.32,27.35,1990000,2.18
636,8/6/2019,27.65,27.97,28.31,27.35,2400000,-1.16
637,8/7/2019,29.65,27.65,29.97,27.34,3910000,7.24
638,8/8/2019,31.2,29.65,31.78,29.19,5010000,5.21
639,8/9/2019,29.82,31.19,31.48,29.66,2740000,-4.41
640,8/10/2019,29.6,29.79,29.97,29.08,3170000,-0.73
641,8/11/2019,30.26,29.63,30.38,29.48,3420000,2.22
642,8/12/2019,30.18,30.26,30.55,29.84,3480000,-0.25
643,8/13/2019,29.44,30.17,30.41,29.21,2940000,-2.45
644,8/14/2019,27,29.43,29.45,26.85,2900000,-8.31
645,8/15/2019,28.1,27,28.2,27,3610000,4.09
646,8/16/2019,27.5,28.1,28.1,26.85,2990000,-2.13
647,8/17/2019,27.45,27.5,27.9,27.07,2710000,-0.18
648,8/18/2019,27.91,27.45,28.16,27.11,2980000,1.65
649,8/19/2019,28.78,27.9,29.2,27.73,3380000,3.11
650,8/20/2019,27.99,28.77,28.81,27.8,2480000,-2.72
651,8/21/2019,26.95,28,28.04,26.42,2180000,-3.71
652,8/22/2019,27.02,26.95,27.32,26.31,2120000,0.25
653,8/23/2019,27.03,27.02,27.32,26.87,2200000,0.02
654,8/24/2019,26.44,27.03,27.03,26.09,1730000,-2.16
655,8/25/2019,26.08,26.44,26.48,25.67,1920000,-1.39
656,8/26/2019,26.12,26.08,27.18,25.79,3310000,0.16
657,8/27/2019,25.59,26.12,26.13,24.72,2490000,-2.02
658,8/28/2019,23.42,25.6,25.99,23.32,2570000,-8.5
659,8/29/2019,21.84,23.42,23.42,21.4,2880000,-6.74
660,8/30/2019,22.17,21.84,22.62,21.59,3210000,1.53
661,8/31/2019,21.22,22.19,22.42,21.17,2500000,-4.27
662,9/1/2019,21.54,21.22,21.83,21.16,2760000,1.48
663,9/2/2019,22.77,21.55,22.88,21.2,3510000,5.72
664,9/3/2019,22.5,22.77,22.93,22.33,2490000,-1.17
665,9/4/2019,21.83,22.51,22.74,21.63,2030000,-3.02
666,9/5/2019,22.76,21.83,23.58,21.6,3800000,4.3
667,9/6/2019,22.08,22.76,23.44,21.82,3440000,-2.99
668,9/7/2019,22.48,22.08,22.75,21.95,2940000,1.81
669,9/8/2019,22.59,22.48,22.83,22.29,2440000,0.45
670,9/9/2019,22.33,22.61,22.64,21.99,2030000,-1.13
671,9/10/2019,22.07,22.35,22.55,21.65,1810000,-1.14
672,9/11/2019,20.97,22.08,22.26,20.78,2080000,-4.99
673,9/12/2019,20.92,20.97,21.13,19.96,3080000,-0.25
674,9/13/2019,20.93,20.92,21.27,20.64,2640000,0
675,9/14/2019,21.1,20.93,21.27,20.88,2470000,0.85
676,9/15/2019,20.6,21.1,21.2,20.6,2330000,-2.38
677,9/16/2019,20.46,20.6,20.97,20.19,2100000,-0.67
678,9/17/2019,21.08,20.49,21.5,20.29,3270000,3.01
679,9/18/2019,22.22,21.08,23.16,21.03,5510000,5.38
680,9/19/2019,21.61,22.21,22.46,20.53,2870000,-2.72
681,9/20/2019,21.4,21.61,21.69,21.1,2700000,-0.97
682,9/21/2019,21.14,21.4,21.56,21.03,2280000,-1.22
683,9/22/2019,20.55,21.15,21.17,20.32,2070000,-2.78
684,9/23/2019,19.59,20.55,20.56,19.45,2190000,-4.71
685,9/24/2019,16.01,19.59,19.75,15.94,4670000,-18.23
686,9/25/2019,16.25,16.01,22.8,15.42,3250000,1.46
687,9/26/2019,15.41,16.25,16.65,14.65,3290000,-5.15
688,9/27/2019,15.65,15.41,15.74,14.82,2630000,1.52
689,9/28/2019,15.75,15.65,15.85,15.35,2270000,0.65
690,9/29/2019,15.27,15.75,15.81,14.95,2020000,-3.03
691,9/30/2019,15.84,15.27,15.85,14.79,2310000,3.73
692,10/1/2019,15.85,15.84,16.17,15.66,2400000,0.06
693,10/2/2019,15.91,15.85,15.94,15.58,1940000,0.36
694,10/3/2019,15.7,15.91,15.97,15.44,2340000,-1.33
695,10/4/2019,15.65,15.68,15.86,15.42,2520000,-0.32
696,10/5/2019,15.71,15.65,15.8,15.46,2570000,0.44
697,10/6/2019,15.36,15.72,15.75,15.22,2420000,-2.24
698,10/7/2019,16.05,15.36,16.14,15.22,2970000,4.45
699,10/8/2019,16.04,16.05,16.34,15.82,2650000,0
700,10/9/2019,17.71,16.04,17.96,15.93,6260000,10.38
701,10/10/2019,17.53,17.71,17.89,17.07,4710000,-0.99
702,10/11/2019,16.6,17.53,17.65,16.56,4200000,-5.31
703,10/12/2019,17.2,16.6,17.42,16.55,4700000,3.6
704,10/13/2019,18.21,17.2,18.71,17.12,5150000,5.86
705,10/14/2019,18.43,18.21,18.61,17.86,4380000,1.25
706,10/15/2019,18.44,18.43,19.13,18.12,7090000,0.05
707,10/16/2019,17.76,18.44,18.58,17.44,4430000,-3.7
708,10/17/2019,18.5,17.76,18.77,17.59,4880000,4.17
709,10/18/2019,18.2,18.51,18.74,17.71,3840000,-1.62
710,10/19/2019,18.17,18.2,18.42,17.86,3640000,-0.19
711,10/20/2019,18.47,18.17,18.57,17.75,4200000,1.69
712,10/21/2019,18.25,18.47,18.47,17.94,3580000,-1.2
713,10/22/2019,18.19,18.25,18.76,18.08,4500000,-0.32
714,10/23/2019,16.72,18.2,18.21,16.28,4110000,-8.07
715,10/24/2019,16.9,16.73,17.01,15.65,3580000,1.06
716,10/25/2019,18.6,16.9,19.02,15.68,6620000,10.05
717,10/26/2019,18.93,18.6,19.66,18.06,5380000,1.77
718,10/27/2019,19.3,18.93,19.61,18.52,5450000,1.96
719,10/28/2019,19.9,19.29,21.09,19.27,6620000,3.09
720,10/29/2019,20.66,19.89,21.14,19.8,5840000,3.83
721,10/30/2019,19.9,20.66,20.75,19.07,4380000,-3.68
722,10/31/2019,19.85,19.9,20.25,19.3,4370000,-0.27
723,11/1/2019,19.9,19.85,19.98,19.62,3070000,0.26
724,11/2/2019,20.19,19.9,20.3,18.92,5220000,1.48
725,11/3/2019,20.16,20.19,20.38,19.85,4640000,-0.15
726,11/4/2019,20.62,20.16,20.86,20.06,4920000,2.24
727,11/5/2019,20.62,20.62,20.86,20.34,4090000,0
728,11/6/2019,20.65,20.62,20.88,20.35,3930000,0.14
729,11/7/2019,20.4,20.65,20.77,19.96,3310000,-1.2
730,11/8/2019,19.71,20.39,20.48,19.39,3020000,-3.37
731,11/9/2019,19.76,19.71,20,19.56,2710000,0.23
732,11/10/2019,20.42,19.76,20.57,19.72,3750000,3.36
733,11/11/2019,20.11,20.42,20.6,19.81,2980000,-1.51
734,11/12/2019,20.89,20.11,20.89,20.06,3300000,3.89
735,11/13/2019,21.31,20.89,21.65,20.66,3760000,2
736,11/14/2019,21.21,21.3,21.54,20.88,3430000,-0.46
737,11/15/2019,20.31,21.21,21.23,20.07,3780000,-4.28
738,11/16/2019,20.1,20.3,20.61,19.85,3540000,-0.99
739,11/17/2019,20.16,20.1,20.33,19.78,3890000,0.28
740,11/18/2019,19.1,20.16,20.16,18.85,3900000,-5.27
741,11/19/2019,18.48,19.1,19.39,18.25,3630000,-3.25
742,11/20/2019,18.02,18.49,18.7,17.39,3810000,-2.46
743,11/21/2019,16.81,18.02,21.68,16.64,4520000,-6.71
744,11/22/2019,15.58,16.81,16.81,14.56,8330000,-7.31
745,11/23/2019,16.29,15.58,16.39,15.13,5600000,4.54
746,11/24/2019,15.21,16.29,16.52,15.12,5430000,-6.65
747,11/25/2019,15.3,15.2,15.87,14.15,7030000,0.6
748,11/26/2019,15.47,15.28,15.98,15.16,4690000,1.16
749,11/27/2019,16.03,15.48,16.16,14.89,5800000,3.58
750,11/28/2019,15.52,16.03,16.12,15.45,4280000,-3.17
751,11/29/2019,16.14,15.52,16.26,15.46,5540000,4.02
752,11/30/2019,15.68,16.14,16.19,15.42,4950000,-2.89
753,12/1/2019,15.53,15.67,15.69,15.01,4120000,-0.93
754,12/2/2019,15.21,15.53,15.7,15.14,3980000,-2.06
755,12/3/2019,15.32,15.21,15.53,15.13,4820000,0.72
756,12/4/2019,15.16,15.32,15.71,14.97,5440000,-1.03
757,12/5/2019,15.67,15.16,15.74,14.93,5720000,3.35
758,12/6/2019,15.7,15.67,15.79,15.35,5470000,0.17
759,12/7/2019,15.63,15.69,15.84,15.56,5690000,-0.45
760,12/8/2019,15.64,15.63,15.86,15.43,5350000,0.08
761,12/9/2019,15.44,15.64,15.91,15.29,4780000,-1.26
762,12/10/2019,15.02,15.48,15.49,14.74,4430000,-2.75
763,12/11/2019,14.86,15.01,15.12,14.68,3930000,-1.07
764,12/12/2019,14.83,14.86,14.94,14.57,3710000,-0.2
765,12/13/2019,14.91,14.83,15.04,14.77,4280000,0.54
766,12/14/2019,14.53,14.91,15.04,14.35,4200000,-2.5
767,12/15/2019,14.55,14.53,14.65,14.33,3900000,0.09
768,12/16/2019,13.61,14.55,14.58,13.47,4790000,-6.47
769,12/17/2019,12.37,13.61,13.65,12.15,5680000,-9.05
770,12/18/2019,13.59,12.37,13.68,12.23,6650000,9.79
771,12/19/2019,13.35,13.59,13.76,12.95,4790000,-1.74
772,12/20/2019,13.56,13.36,13.57,13.12,5730000,1.56
773,12/21/2019,13.34,13.53,13.57,13.3,5860000,-1.62
774,12/22/2019,13.81,13.34,13.84,13.3,5810000,3.55
775,12/23/2019,13.35,13.81,14,13.25,4510000,-3.36
776,12/24/2019,13.37,13.35,13.65,13.28,4900000,0.16
777,12/25/2019,13.04,13.37,13.43,12.95,4290000,-2.43
778,12/26/2019,13.19,13.04,13.59,13.02,4590000,1.14
779,12/27/2019,13.3,13.19,13.34,13,4770000,0.83
780,12/28/2019,13.71,13.3,13.78,13.27,5650000,3.04
781,12/29/2019,14.11,13.71,14.2,13.61,6460000,2.97
782,12/30/2019,13.89,14.12,14.42,13.81,4790000,-1.62
783,12/31/2019,13.73,13.88,14.07,13.66,4230000,-1.12
784,1/1/2020,13.7,13.73,13.88,13.65,4610000,-0.25
785,1/2/2020,13.03,13.7,13.73,12.99,4490000,-4.85
786,1/3/2020,13.65,13.02,13.98,13.01,4840000,4.72
787,1/4/2020,13.85,13.65,13.89,13.53,4880000,1.49
788,1/5/2020,14.07,13.85,14.37,13.83,5180000,1.58
789,1/6/2020,14.96,14.08,15.01,14.04,5530000,6.31
790,1/7/2020,15.02,14.96,15.17,14.48,4880000,0.44
791,1/8/2020,14.54,15.03,15.32,14.23,4560000,-3.22
792,1/9/2020,14.4,14.54,14.62,14.23,3910000,-0.98
793,1/10/2020,15.06,14.4,15.1,13.76,4960000,4.64
794,1/11/2020,14.94,15.06,15.34,14.75,4800000,-0.79
795,1/12/2020,15.33,14.94,15.46,14.82,5920000,2.58
796,1/13/2020,15.17,15.34,15.36,14.93,5710000,-1.05
797,1/14/2020,16.65,15.18,16.89,15.17,7280000,9.77
798,1/15/2020,17.62,16.65,18.14,16.14,8410000,5.8
799,1/16/2020,17.04,17.62,17.7,16.35,5680000,-3.28
800,1/17/2020,18.07,17.04,18.43,17.03,7330000,6.04
801,1/18/2020,17.81,18.08,18.35,17.45,5400000,-1.46
802,1/19/2020,17.36,17.81,18.45,16.73,6200000,-2.5
803,1/20/2020,17.31,17.36,17.56,16.81,5620000,-0.32
804,1/21/2020,18.09,17.31,18.19,17.21,6570000,4.5
805,1/22/2020,17.8,18.08,18.71,17.56,5180000,-1.61
806,1/23/2020,17.04,17.79,17.83,16.75,5150000,-4.26
807,1/24/2020,17.05,17.03,17.43,16.44,4710000,0.07
808,1/25/2020,16.96,17.07,17.11,16.61,4870000,-0.55
809,1/26/2020,17.46,16.96,17.52,16.82,5910000,2.94
810,1/27/2020,17.64,17.46,17.86,17.21,5110000,1.05
811,1/28/2020,17.99,17.64,18.13,17.46,6030000,2.01
812,1/29/2020,17.9,18.03,18.41,17.82,4770000,-0.51
813,1/30/2020,18.53,17.9,18.68,17.7,5600000,3.54
814,1/31/2020,18.2,18.53,18.83,17.82,5400000,-1.79
815,2/1/2020,18.24,18.22,18.58,18.04,5520000,0.2
816,2/2/2020,18.41,18.24,18.75,17.86,5580000,0.95
817,2/3/2020,18.46,18.41,18.84,18.19,4900000,0.27
818,2/4/2020,18.17,18.46,18.61,18.17,4610000,-1.57
819,2/5/2020,19.25,18.17,19.44,16.71,6100000,5.94
820,2/6/2020,20.62,19.25,20.78,19.03,7500000,7.11
821,2/7/2020,22.03,20.62,22.51,20.47,9060000,6.83
822,2/8/2020,21.76,22.03,22.16,20.91,7000000,-1.21
823,2/9/2020,24.28,21.76,24.34,21.02,9150000,11.57
824,2/10/2020,25.14,24.27,25.72,23.3,12230000,3.57
825,2/11/2020,25.68,25.14,25.77,24.15,9660000,2.15
826,2/12/2020,26.43,25.68,26.95,25.33,7070000,2.92
827,2/13/2020,25.53,26.43,27.2,24.66,6650000,-3.41
828,2/14/2020,26.32,25.48,26.55,25.04,6460000,3.09
829,2/15/2020,24.28,26.32,26.5,23.55,6710000,-7.77
830,2/16/2020,23.4,24.28,25.3,21.82,6980000,-3.62
831,2/17/2020,23.45,23.4,23.63,21.57,6180000,0.22
832,2/18/2020,24.04,23.46,24.5,22.8,5860000,2.51
833,2/19/2020,22.31,24.04,24.36,22.07,5860000,-7.18
834,2/20/2020,22.11,22.32,22.79,21.01,6180000,-0.92
835,2/21/2020,22.16,22.11,22.99,21.76,6550000,0.23
836,2/22/2020,22.03,22.18,22.35,21.5,5690000,-0.59
837,2/23/2020,22.81,22.1,23.13,21.9,7430000,3.54
838,2/24/2020,22.14,22.81,23.34,21.46,6090000,-2.91
839,2/25/2020,20.24,22.14,22.19,20.1,6530000,-8.61
840,2/26/2020,18.76,20.25,20.66,17.94,9580000,-7.32
841,2/27/2020,19.2,18.76,19.65,17.68,7870000,2.39
842,2/28/2020,18.96,19.2,19.73,17.9,11360000,-1.29
843,2/29/2020,19.28,19,20.36,18.67,15680000,1.68
844,3/1/2020,18.89,19.28,20.23,18.38,8670000,-2
845,3/2/2020,19.93,18.95,20.25,18.63,8500000,5.52
846,3/3/2020,19.63,19.94,20.35,19.27,6650000,-1.53
847,3/4/2020,19.98,19.71,20.25,19.52,5960000,1.78
848,3/5/2020,20.76,19.96,21.49,19.94,7030000,3.9
849,3/6/2020,21.37,20.76,21.76,20.67,7110000,2.95
850,3/7/2020,20.24,21.37,21.49,19.73,5520000,-5.27
851,3/8/2020,16.93,20.24,20.27,16.74,8060000,-16.38
852,3/9/2020,16.55,16.89,17.51,15.61,9960000,-2.21
853,3/10/2020,16.84,16.55,17.49,16.37,7600000,1.74
854,3/11/2020,16.54,16.84,17.14,15.43,6000000,-1.78
855,3/12/2020,9.25,16.54,16.66,8.98,18290000,-44.08
856,3/13/2020,10.96,9.25,11.45,6.5,24310000,18.54
857,3/14/2020,10.13,10.96,11.28,9.91,11210000,-7.64
858,3/15/2020,10.4,10.13,11.09,9.98,12620000,2.74
859,3/16/2020,9.42,10.4,10.41,8.47,13270000,-9.41
860,3/17/2020,10.29,9.42,10.49,9.34,10600000,9.15
861,3/18/2020,10.4,10.29,10.44,9.67,9720000,1.12
862,3/19/2020,12.3,10.4,12.69,10.25,12930000,18.24
863,3/20/2020,11.94,12.3,13.66,10.5,14040000,-2.95
864,3/21/2020,12.11,11.94,12.45,11.31,12140000,1.46
865,3/22/2020,11.16,12.11,12.48,11.05,10860000,-7.84
866,3/23/2020,12.19,11.15,12.49,10.84,10850000,9.24
867,3/24/2020,12.34,12.19,12.56,11.37,9240000,1.24
868,3/25/2020,12.34,12.35,12.7,11.61,7600000,0
869,3/26/2020,13.21,12.34,13.27,12.19,7030000,7.02
870,3/27/2020,12.33,13.21,13.37,12.24,6380000,-6.64
871,3/28/2020,12.18,12.34,12.38,11.65,6110000,-1.21
872,3/29/2020,11.3,12.2,12.29,11.3,5360000,-7.25
873,3/30/2020,12.16,11.3,12.4,11.26,8220000,7.62
874,3/31/2020,12.55,12.16,12.72,12.1,9560000,3.21
875,4/1/2020,12.71,12.55,12.74,11.98,8570000,1.31
876,4/2/2020,13.02,12.72,13.67,12.54,10320000,2.45
877,4/3/2020,13.36,13.03,13.58,12.91,9590000,2.57
878,4/4/2020,13.76,13.36,14.01,13.18,9730000,2.99
879,4/5/2020,13.69,13.76,13.96,13.41,9290000,-0.52
880,4/6/2020,15.19,13.69,15.22,13.63,10710000,10.97
881,4/7/2020,14.75,15.21,15.5,14.26,9530000,-2.89
882,4/8/2020,15.09,14.74,15.36,14.56,8180000,2.34
883,4/9/2020,15.01,15.1,15.22,14.69,9520000,-0.55
884,4/10/2020,13.72,15.01,15.07,13.49,8570000,-8.61
885,4/11/2020,13.81,13.72,14.12,13.54,7740000,0.64
886,4/12/2020,14.29,13.81,14.83,13.65,9120000,3.48
887,4/13/2020,15.04,14.28,15.1,13.65,8990000,5.26
888,4/14/2020,15.6,15.04,15.96,14.78,9840000,3.72
889,4/15/2020,14.57,15.6,15.92,14.5,8790000,-6.59
890,4/16/2020,15.63,14.57,15.75,12.96,9270000,7.26
891,4/17/2020,15.63,15.64,15.94,12.96,6100000,0
892,4/18/2020,16.62,15.63,16.83,12.85,9240000,6.33
893,4/19/2020,16.06,16.62,16.7,15.86,7230000,-3.36
894,4/20/2020,14.96,16.06,16.66,14.87,8000000,-6.84
895,4/21/2020,15.1,14.98,15.48,14.75,7610000,0.92
896,4/22/2020,15.7,15.1,15.84,14.91,8330000,3.94
897,4/23/2020,16.02,15.7,16.41,15.4,9430000,2.03
898,4/24/2020,15.91,16.02,16.34,15.7,7750000,-0.63
899,4/25/2020,16.22,15.91,16.46,15.72,6320000,1.95
900,4/26/2020,16.36,16.21,16.48,16.09,6660000,0.84
901,4/27/2020,16.49,16.36,16.66,16.07,7520000,0.76
902,4/28/2020,16.32,16.49,16.54,16.14,6130000,-0.99
903,4/29/2020,17.43,16.32,17.54,16.28,8180000,6.8
904,4/30/2020,17,17.44,18.2,16.49,8820000,-2.47
905,5/1/2020,17.44,17,17.9,16.91,7220000,2.56
906,5/2/2020,17.51,17.44,17.58,17.27,6120000,0.43
907,5/3/2020,17.11,17.52,17.81,16.86,5640000,-2.32
908,5/4/2020,17.02,17.11,17.3,16.31,5970000,-0.48
909,5/5/2020,16.86,17.02,17.31,16.58,5690000,-0.97
910,5/6/2020,16.37,16.86,17.14,16.34,5720000,-2.89
911,5/7/2020,17,16.37,17.24,16.2,6910000,3.82
912,5/8/2020,17.14,16.99,17.43,16.83,5510000,0.85
913,5/9/2020,16.81,17.14,17.49,16.81,6060000,-1.94
914,5/10/2020,15.28,16.81,16.81,14.03,9580000,-9.08
915,5/11/2020,15.12,15.28,15.56,14.05,8350000,-1.03
916,5/12/2020,15.76,15.09,16.23,14.21,7370000,4.21
917,5/13/2020,16.11,15.76,16.31,14.97,6710000,2.25
918,5/14/2020,16.39,16.12,16.64,15.28,7310000,1.68
919,5/15/2020,15.71,16.36,16.53,15.56,6040000,-4.1
920,5/16/2020,16.05,15.71,16.27,15.58,6450000,2.16
921,5/17/2020,16.29,16.05,16.51,16,5490000,1.45
922,5/18/2020,16.63,16.29,16.87,16.2,6390000,2.13
923,5/19/2020,17.2,16.63,17.23,16.31,6670000,3.43
924,5/20/2020,16.9,17.2,17.33,16.55,5210000,-1.78
925,5/21/2020,16.09,16.9,17.05,15.76,4810000,-4.79
926,5/22/2020,16.59,16.08,16.89,15.92,5330000,3.16
927,5/23/2020,16.47,16.59,16.84,16.33,4930000,-0.74
928,5/24/2020,16.01,16.47,16.79,16.01,4920000,-2.83
929,5/25/2020,16.38,15.98,16.4,15.87,5080000,2.32
930,5/26/2020,16.22,16.38,16.49,15.97,4380000,-0.99
931,5/27/2020,16.46,16.22,16.5,16.16,5010000,1.51
932,5/28/2020,17.08,16.46,17.14,16.39,5320000,3.75
933,5/29/2020,17,17.08,17.18,16.68,4860000,-0.44
934,5/30/2020,17.73,17,17.78,16.94,5420000,4.28
935,5/31/2020,17.11,17.73,18.16,16.87,4770000,-3.51
936,6/1/2020,17.92,17.1,18.08,16.99,5280000,4.75
937,6/2/2020,17.28,17.92,18.19,16.78,4460000,-3.56
938,6/3/2020,17.56,17.28,17.62,17.04,4480000,1.58
939,6/4/2020,17.52,17.56,17.67,17.08,3990000,-0.22
940,6/5/2020,17.7,17.52,17.89,17.45,4210000,1.01
941,6/6/2020,17.56,17.7,17.79,17.51,3740000,-0.78
942,6/7/2020,17.42,17.56,17.64,16.91,3350000,-0.81
943,6/8/2020,17.43,17.42,17.54,17.26,3050000,0.07
944,6/9/2020,17.37,17.43,17.51,17.12,3020000,-0.33
945,6/10/2020,17.39,17.37,17.57,17.25,3290000,0.13
946,6/11/2020,16.23,17.39,17.49,15.98,3250000,-6.7
947,6/12/2020,16.64,16.23,16.78,16.1,3420000,2.54
948,6/13/2020,16.81,16.64,16.81,16.49,3570000,1.01
949,6/14/2020,16.56,16.81,16.84,16.43,3140000,-1.46
950,6/15/2020,16.38,16.56,16.6,15.54,2880000,-1.12
951,6/16/2020,16.43,16.38,16.62,16.16,3000000,0.31
952,6/17/2020,16.4,16.43,16.62,16.01,2660000,-0.19
953,6/18/2020,16.15,16.4,16.53,15.91,2480000,-1.47
954,6/19/2020,15.98,16.15,16.28,15.91,2320000,-1.1
955,6/20/2020,16.06,15.97,16.09,15.72,2420000,0.5
956,6/21/2020,15.97,16.06,16.31,15.94,2300000,-0.54
957,6/22/2020,16.5,15.97,16.52,15.96,2940000,3.33
958,6/23/2020,16.39,16.5,16.54,16.27,2480000,-0.68
959,6/24/2020,16,16.39,16.64,15.98,2490000,-2.37
960,6/25/2020,15.91,16,16.08,15.51,2080000,-0.58
961,6/26/2020,15.77,15.91,15.99,15.58,2050000,-0.89
962,6/27/2020,15.13,15.77,15.87,14.85,2550000,-4.05
963,6/28/2020,15.39,15.13,15.49,14.93,2930000,1.74
964,6/29/2020,15.46,15.38,15.59,15.21,2660000,0.45
965,6/30/2020,15.4,15.46,15.54,15.25,2180000,-0.38
966,7/1/2020,15.81,15.4,15.88,15.34,2580000,2.66
967,7/2/2020,15.36,15.81,15.96,15.09,2260000,-2.88
968,7/3/2020,15.28,15.36,15.48,15.26,1940000,-0.53
969,7/4/2020,15.56,15.28,15.63,15.23,2030000,1.84
970,7/5/2020,15.5,15.56,15.61,15.16,1830000,-0.34
971,7/6/2020,16.3,15.51,16.33,15.44,2470000,5.13
972,7/7/2020,16.8,16.3,16.86,16.06,2770000,3.06
973,7/8/2020,17.26,16.8,17.45,16.62,3230000,2.76
974,7/9/2020,16.84,17.28,17.47,16.49,2700000,-2.47
975,7/10/2020,17.3,16.83,17.33,16.44,2820000,2.76
976,7/11/2020,17.62,17.3,17.68,17.03,3130000,1.85
977,7/12/2020,18.31,17.62,18.59,17.6,4010000,3.89
978,7/13/2020,18.42,18.31,18.99,17.73,4280000,0.62
979,7/14/2020,18.09,18.42,18.76,17.88,3430000,-1.77
980,7/15/2020,17.63,18.09,18.15,17.44,2910000,-2.55
981,7/16/2020,17.15,17.63,17.76,16.56,3200000,-2.73
982,7/17/2020,17.07,17.15,17.48,16.99,2790000,-0.43
983,7/18/2020,17.13,17.07,17.32,16.83,2600000,0.36
984,7/19/2020,18.01,17.13,18.1,16.9,3750000,5.1
985,7/20/2020,17.47,18.01,18.33,17.28,3680000,-3
986,7/21/2020,17.72,17.47,17.98,17.4,3290000,1.44
987,7/22/2020,18.1,17.72,18.11,17.46,3390000,2.15
988,7/23/2020,18.76,18.11,18.76,18.05,3660000,3.63
989,7/24/2020,19.18,18.76,19.54,18.24,4120000,2.28
990,7/25/2020,19.8,19.18,20.03,19.16,4410000,3.2
991,7/26/2020,19.55,19.8,20.25,19.34,4230000,-1.23
992,7/27/2020,19.79,19.55,20.18,18.45,5590000,1.23
993,7/28/2020,20.17,19.79,20.62,19.46,5190000,1.87
994,7/29/2020,19.84,19.84,19.85,19.8,3430000,-1.61
995,7/30/2020,19.98,19.84,20.09,19.56,3180000,0.69
996,7/31/2020,20.67,19.98,20.85,19.91,3350000,3.44
997,8/1/2020,21.62,20.67,21.75,20.58,3860000,4.62
998,8/2/2020,21,21.63,22.15,19.26,5000000,-2.87
999,8/3/2020,22.07,21,22.49,20.72,4060000,5.07
1000,8/4/2020,22.3,22.07,22.44,21.52,3650000,1.07
1001,8/5/2020,23.28,22.3,23.54,22.09,5360000,4.39
1002,8/6/2020,22.75,23.27,23.29,22.53,3640000,-2.3
1003,8/7/2020,22.33,22.75,23,21.5,4140000,-1.8
1004,8/8/2020,22.92,22.34,22.92,21.86,3370000,2.63
1005,8/9/2020,22.44,22.92,22.94,22.05,3040000,-2.12
1006,8/10/2020,22.63,22.44,22.78,22.08,3060000,0.84
1007,8/11/2020,21.27,22.63,22.72,20.7,4550000,-6.01
1008,8/12/2020,21.5,21.27,21.97,20.6,3570000,1.1
1009,8/13/2020,21.78,21.5,21.86,20.64,4380000,1.28
1010,8/14/2020,23.11,21.78,23.29,21.27,5340000,6.13
1011,8/15/2020,23.01,23.11,23.78,22.81,3930000,-0.45
1012,8/16/2020,23.5,23.02,23.77,22.72,3880000,2.15
1013,8/17/2020,23.5,23.5,23.92,23,3630000,0
1014,8/18/2020,23.01,23.51,23.77,22.37,3860000,-2.1
1015,8/19/2020,22.35,23.01,23.25,21.86,3270000,-2.85
1016,8/20/2020,23.07,22.35,23.3,22.02,3310000,3.2
1017,8/21/2020,22.06,23.07,23.33,21.63,3850000,-4.36
1018,8/22/2020,22.2,22.09,22.26,21.29,3000000,0.62
1019,8/23/2020,21.84,22.19,22.22,21.55,2560000,-1.61
1020,8/24/2020,22.61,21.85,22.96,21.67,2440000,3.49
1021,8/25/2020,21.39,22.61,22.63,20.99,3530000,-5.36
1022,8/26/2020,22.2,21.39,22.48,21.28,3850000,3.76
1023,8/27/2020,23.11,22.2,23.14,21.83,4460000,4.09
1024,8/28/2020,23.07,23.1,23.57,22.62,3870000,-0.16
1025,8/29/2020,22.94,23.07,23.5,22.75,2890000,-0.54
1026,8/30/2020,23.63,22.94,23.83,22.91,3130000,2.98
1027,8/31/2020,23.13,23.63,23.9,22.99,2940000,-2.09
1028,9/1/2020,24.72,23.13,25.39,22.87,6860000,6.87
1029,9/2/2020,24.7,24.72,25.81,23.23,8960000,-0.08
1030,9/3/2020,20.33,24.7,25.54,20.18,10460000,-17.69
1031,9/4/2020,20.95,20.33,21.83,19.42,8410000,3.05
1032,9/5/2020,19.47,20.96,21.53,18.02,5880000,-7.1
1033,9/6/2020,23.18,19.47,23.44,18.58,10830000,19.08
1034,9/7/2020,22.45,23.18,23.55,20.13,7460000,-3.17
1035,9/8/2020,23.24,22.45,23.41,21.3,7720000,3.52
1036,9/9/2020,24.49,23.24,24.51,22.46,5970000,5.38
1037,9/10/2020,24.53,24.49,25.54,24.1,6220000,0.18
1038,9/11/2020,25.4,24.53,25.68,23.11,5400000,3.55
1039,9/12/2020,28.5,25.4,28.52,25.39,9430000,12.2
1040,9/13/2020,31.16,28.5,32.32,28.13,15130000,9.31
1041,9/14/2020,31.1,31.14,33.35,29.05,12310000,-0.18
1042,9/15/2020,27.11,31.14,31.14,26.75,10690000,-12.83
1043,9/16/2020,27.83,27.12,28.43,25.94,7790000,2.64
1044,9/17/2020,27.06,27.83,28.78,26.06,6220000,-2.76
1045,9/18/2020,27.67,27.06,28.73,26.65,5750000,2.26
1046,9/19/2020,27.2,27.66,27.95,26.66,3360000,-1.7
1047,9/20/2020,26.37,27.2,27.31,25.14,3940000,-3.06
1048,9/21/2020,23.03,26.32,26.65,22.32,7100000,-12.64
1049,9/22/2020,24.03,23.03,24.55,22.75,4430000,4.35
1050,9/23/2020,22.81,24.04,24.32,22.47,4210000,-5.1
1051,9/24/2020,24.57,22.81,24.66,22.59,4390000,7.74
1052,9/25/2020,24.68,24.57,25.06,23.78,3800000,0.44
1053,9/26/2020,26.2,24.68,26.46,24.48,4140000,6.14
1054,9/27/2020,26.23,26.18,26.87,25.54,3430000,0.13
1055,9/28/2020,26.98,26.23,27.7,25.85,4280000,2.87
1056,9/29/2020,28.81,26.99,28.99,26.9,4800000,6.76
1057,9/30/2020,29.32,28.81,29.55,27.9,4130000,1.79
1058,10/1/2020,27.48,29.27,29.38,26.26,5340000,-6.28
1059,10/2/2020,27.3,27.45,28.16,25.71,5510000,-0.66
1060,10/3/2020,28.18,27.31,28.38,27.08,3900000,3.22
1061,10/4/2020,29.01,28.19,29.1,28.01,4090000,2.97
1062,10/5/2020,28.59,29.01,29.25,28.1,3050000,-1.46
1063,10/6/2020,27.7,28.58,28.98,27.26,3780000,-3.12
1064,10/7/2020,27.7,27.69,27.9,26.84,2810000,0
1065,10/8/2020,27.69,27.7,27.8,26.54,3350000,0
1066,10/9/2020,28.38,27.69,28.51,27.48,3470000,2.49
1067,10/10/2020,28.38,28.4,29.24,28.11,3230000,0
1068,10/11/2020,28.52,28.41,28.72,27.91,3210000,0.51
1069,10/12/2020,30.72,28.52,31.09,28.44,5870000,7.71
1070,10/13/2020,30.72,30.66,31.78,30.21,4540000,0
1071,10/14/2020,30.84,30.73,31.32,30.4,3390000,0.39
1072,10/15/2020,31.31,30.84,31.65,30.43,3670000,1.52
1073,10/16/2020,30.02,31.29,31.96,29.57,4090000,-4.13
1074,10/17/2020,30.23,30.02,30.56,29.68,2570000,0.71
1075,10/18/2020,30.66,30.22,31.01,30.17,3100000,1.43
1076,10/19/2020,29.92,30.65,30.66,29.74,2450000,-2.44
1077,10/20/2020,28.8,29.92,30.08,28.5,3550000,-3.74
1078,10/21/2020,29.74,28.78,30.39,28.64,3690000,3.28
1079,10/22/2020,30.65,29.74,31.29,29.71,3870000,3.05
1080,10/23/2020,30.64,30.64,31.17,30.09,2810000,-0.03
1081,10/24/2020,30.64,30.64,30.85,30.42,2250000,0.02
1082,10/25/2020,30.15,30.63,30.96,29.9,2120000,-1.6
1083,10/26/2020,31.04,30.15,31.39,29.96,3650000,2.96
1084,10/27/2020,31.5,31.04,32.37,30.91,3980000,1.48
1085,10/28/2020,30.33,31.49,31.93,29.81,3110000,-3.71
1086,10/29/2020,29.86,30.33,30.42,29.49,2760000,-1.55
1087,10/30/2020,28.49,29.87,30.25,27.58,4410000,-4.6
1088,10/31/2020,28.51,28.49,28.88,28.13,2770000,0.07
1089,11/1/2020,28.51,28.51,28.68,28.08,2650000,0
1090,11/2/2020,27.8,28.52,29.3,27.8,2950000,-2.5
1091,11/3/2020,26.87,27.8,27.8,25.84,3630000,-3.33
1092,11/4/2020,26.94,26.88,26.96,25.95,3010000,0.26
1093,11/5/2020,27.69,26.94,27.89,26.68,3380000,2.77
1094,11/6/2020,29.06,27.69,29.44,27.68,3830000,4.94
1095,11/7/2020,27.76,29.06,29.86,26.9,4360000,-4.46
1096,11/8/2020,28.38,27.76,28.7,27.46,3210000,2.24
1097,11/9/2020,28.09,28.38,28.94,27.36,3050000,-1.05
1098,11/10/2020,28.19,28.09,28.48,27.67,3000000,0.38
1099,11/11/2020,27.99,28.21,28.58,27.83,2660000,-0.72
1100,11/12/2020,27.71,28,28.15,27.31,2300000,-1.02
1101,11/13/2020,28.19,27.71,28.51,27.52,2650000,1.75
1102,11/14/2020,27.91,28.21,28.21,27.39,2100000,-0.98
1103,11/15/2020,27.66,27.92,28.22,27.08,2040000,-0.9
1104,11/16/2020,27.96,27.67,28.21,27.45,2360000,1.08
1105,11/17/2020,28.56,27.95,28.75,27.93,3060000,2.12
1106,11/18/2020,28.07,28.55,28.77,27.51,3080000,-1.7
1107,11/19/2020,28.1,28.07,28.35,27.62,2770000,0.1
1108,11/20/2020,28.96,28.12,29.3,28.08,3350000,3.05
1109,11/21/2020,30.5,28.96,30.79,28.33,4240000,5.31
1110,11/22/2020,30.04,30.49,31.12,29,3920000,-1.5
1111,11/23/2020,30.98,30.04,31.06,29.8,3940000,3.14
1112,11/24/2020,33.91,32.33,35.13,31.59,9720000,9.46
1113,11/25/2020,31.29,33.93,35.38,30.54,6280000,-7.74
1114,11/26/2020,28.22,31.28,31.76,26.45,8780000,-9.8
1115,11/27/2020,28.44,28.22,28.71,27.23,3260000,0.78
1116,11/28/2020,29.16,28.46,29.61,27.92,3540000,2.52
1117,11/29/2020,30.09,29.15,30.45,28.92,3780000,3.18
1118,11/30/2020,31.49,30.1,31.59,29.72,3820000,4.67
1119,12/1/2020,30.21,31.42,31.88,29.23,4150000,-4.08
1120,12/2/2020,30.3,30.08,30.99,29.61,2930000,0.3
1121,12/3/2020,30.7,30.3,30.79,29.89,2430000,1.33
1122,12/4/2020,29.03,30.68,31.19,28.81,2670000,-5.44
1123,12/5/2020,29.73,29.02,30.04,28.65,2340000,2.41
1124,12/6/2020,29.56,29.73,30.17,29.01,1720000,-0.57
1125,12/7/2020,29.37,29.49,29.65,29,1640000,-0.66
1126,12/8/2020,27.68,29.36,29.52,27.47,2860000,-5.76
1127,12/9/2020,28.14,27.63,28.42,26.94,2510000,1.67
1128,12/10/2020,27.66,28.15,28.25,27.45,1740000,-1.71
1129,12/11/2020,27.33,27.73,27.79,26.73,1700000,-1.19
1130,12/12/2020,28.14,27.34,28.23,27.28,1750000,2.98
1131,12/13/2020,29.14,28.17,29.26,28.02,2180000,3.53
1132,12/14/2020,30.03,29.14,30.18,28.66,2680000,3.05
1133,12/15/2020,29.51,30.03,30.35,29.33,2610000,-1.71
1134,12/16/2020,30.56,29.51,30.62,29.04,3090000,3.54
1135,12/17/2020,30.22,30.56,31.51,29.76,4490000,-1.09
1136,12/18/2020,30.96,30.22,31.21,29.69,2870000,2.43
1137,12/19/2020,33.3,30.96,34.21,30.91,5310000,7.56
1138,12/20/2020,34.27,33.3,35.63,32.61,5830000,2.92
1139,12/21/2020,32.15,34.27,35.6,31.53,6150000,-6.18
1140,12/22/2020,33.52,32.14,33.77,30.5,5010000,4.24
1141,12/23/2020,31.19,33.52,34.43,30.03,5450000,-6.94
1142,12/24/2020,32.51,31.19,32.74,30.4,3930000,4.22
1143,12/25/2020,33.18,32.51,33.48,31.8,3350000,2.06
1144,12/26/2020,33.59,33.18,34,32.57,3170000,1.23
1145,12/27/2020,33.68,33.6,34.97,31.97,4900000,0.26
1146,12/28/2020,35.94,33.64,36.09,33.35,5580000,6.72
1147,12/29/2020,39.1,35.94,39.7,35.31,9680000,8.8
1148,12/30/2020,38.1,39.14,39.21,36.84,3380000,-2.56
1149,12/31/2020,37.34,38.1,38.19,36.73,2570000,-2.01
1150,1/1/2021,37.72,37.33,38.93,36.98,3240000,1.04
1151,1/2/2021,38.23,37.73,38.46,36.81,3940000,1.35
1152,1/3/2021,41.22,38.24,41.64,37.78,6340000,7.81
1153,1/4/2021,41.1,41.25,43.21,38.09,6870000,-0.29
1154,1/5/2021,41.79,41.12,41.79,38.86,4880000,1.68
1155,1/6/2021,42.19,41.79,42.19,40.5,5240000,0.95
1156,1/7/2021,43.64,42.22,44.47,41.41,6790000,3.45
1157,1/8/2021,42.33,43.62,43.65,40.34,4690000,-3.01
1158,1/9/2021,43.83,42.33,44.02,41.51,3560000,3.55
1159,1/10/2021,42.43,43.84,45.12,40.14,5550000,-3.19
1160,1/11/2021,38.26,42.42,42.44,35.1,8520000,-9.84
1161,1/12/2021,38.25,38.16,40.01,37.13,4380000,0
1162,1/13/2021,40.12,38.24,40.42,37.05,3910000,4.89
1163,1/14/2021,41.88,40.12,41.93,39.65,3590000,4.39
1164,1/15/2021,40.91,41.88,42.54,38.87,3770000,-2.31
1165,1/16/2021,43.1,40.92,44.1,40.68,3560000,5.35
1166,1/17/2021,45.78,43.1,46.69,40.94,4260000,6.21
1167,1/18/2021,45.35,45.91,46.88,44.07,3370000,-0.93
1168,1/19/2021,42.62,45.36,47.19,41.75,5770000,-6.02
1169,1/20/2021,42.57,42.6,42.76,40.29,4230000,-0.13
1170,1/21/2021,38.68,42.57,42.63,38.37,3880000,-9.14
1171,1/22/2021,40.87,38.69,41.35,36.92,3470000,5.66
1172,1/23/2021,40.92,40.87,41.83,39.5,2790000,0.11
1173,1/24/2021,41.82,40.92,42.2,40.36,2590000,2.22
1174,1/25/2021,41.78,41.82,43.38,40.57,3140000,-0.11
1175,1/26/2021,41.74,41.78,42.51,39.87,3240000,-0.1
1176,1/27/2021,40.99,41.74,42.05,39.67,2930000,-1.8
1177,1/28/2021,42.47,40.97,43.08,40.36,3350000,3.63
1178,1/29/2021,42.87,42.48,44,41.84,3910000,0.93
1179,1/30/2021,44.76,42.88,45.09,42.6,3240000,4.4
1180,1/31/2021,44.27,44.77,45.78,43.35,2920000,-1.08
1181,2/1/2021,51.42,44.31,52.32,43.43,7970000,16.13
1182,2/2/2021,50.99,51.42,52.99,49.26,5780000,-0.82
1183,2/3/2021,52.13,50.99,52.56,49.82,3410000,2.24
1184,2/4/2021,55.66,52.15,56.65,51.46,4520000,6.76
1185,2/5/2021,67.75,55.66,68.72,55.66,5750000,21.74
1186,2/6/2021,72.58,67.74,75.43,61.96,8970000,7.12
1187,2/7/2021,68.4,72.86,74.62,64.35,6250000,-5.76
1188,2/8/2021,79.71,68.41,79.75,67.72,8520000,16.53
1189,2/9/2021,107.6,79.73,115.33,78.23,13650000,35
1190,2/10/2021,128.72,107.61,148.27,107.61,18370000,19.62
1191,2/11/2021,124.03,128.73,132.76,118.07,6540000,-3.64
1192,2/12/2021,136.52,124.03,140.93,121.1,6220000,10.07
1193,2/13/2021,133.07,136.64,138.47,125.07,4200000,-2.52
1194,2/14/2021,135.98,133.09,138.78,128.53,4900000,2.18
1195,2/15/2021,129.98,135.97,142.07,118.64,5260000,-4.41
1196,2/16/2021,130.09,129.99,133.43,126.34,3570000,0.08
1197,2/17/2021,165.38,130.09,175.33,126.91,10820000,27.13
1198,2/18/2021,195.74,165.38,199.66,163.11,11910000,18.36
1199,2/19/2021,332.74,195.74,346.82,195.07,21230000,69.99
1200,2/20/2021,254.36,332.74,334.15,223.93,14420000,-23.56
1201,2/21/2021,293.76,254.33,308.54,249.64,11490000,15.49
1202,2/22/2021,267.43,293.77,295.15,222.44,13340000,-8.97
1203,2/23/2021,231.72,267.42,268.69,188.71,16500000,-13.35
1204,2/24/2021,254.26,231.71,280.66,213.89,12300000,9.73
1205,2/25/2021,233.7,254.26,264.46,232.19,7220000,-8.09
1206,2/26/2021,222.08,233.7,238.71,209.98,7820000,-4.97
1207,2/27/2021,225.07,222.08,237.7,219.32,4460000,1.35
1208,2/28/2021,210.04,225.54,228.47,195.22,6000000,-6.68
1209,3/1/2021,254.72,210.04,259.51,209.51,8320000,21.27
1210,3/2/2021,239.46,254.73,264.41,227.61,5710000,-5.99
1211,3/3/2021,240.85,239.48,254.37,236.51,4510000,0.58
1212,3/4/2021,229.7,240.62,249.66,225.65,4240000,-4.63
1213,3/5/2021,225.63,229.69,230.91,215.91,3900000,-1.77
1214,3/6/2021,226.26,225.64,232.25,219.73,2840000,0.28
1215,3/7/2021,240.02,226.26,243.72,225.2,3710000,6.08
1216,3/8/2021,240.59,240.03,242.78,229.09,3210000,0.24
1217,3/9/2021,292.99,240.59,297.08,235.87,8180000,21.78
1218,3/10/2021,278.15,293,295.31,268.74,6320000,-5.07
1219,3/11/2021,290.07,278.15,314.44,272.98,6910000,4.29
1220,3/12/2021,263.42,290.07,290.22,251.44,6190000,-9.19
1221,3/13/2021,275.89,263.42,283.56,255.95,4110000,4.73
1222,3/14/2021,264.25,275.89,276.77,264.25,2580000,-4.22
1223,3/15/2021,254.22,264.21,267.59,250.05,3540000,-3.79
1224,3/16/2021,258.28,254.24,259.13,241.44,3190000,1.6
1225,3/17/2021,269.86,258.29,271.04,249.02,3020000,4.48
1226,3/18/2021,261.09,269.85,277.73,257.7,3330000,-3.25
1227,3/19/2021,263.15,261.28,269,255.39,2410000,0.79
1228,3/20/2021,264.1,263.14,274.49,261.65,2520000,0.36
1229,3/21/2021,264.74,264.39,267.92,257.12,2120000,0.24
1230,3/22/2021,255.03,264.74,276.81,253.43,3440000,-3.67
1231,3/23/2021,255.43,254.85,262.75,252.27,2820000,0.16
1232,3/24/2021,248.59,255.45,268.6,240.41,3500000,-2.68
1233,3/25/2021,234.25,248.6,249.72,225.9,3740000,-5.77
1234,3/26/2021,254.99,233.96,255.09,233.95,2790000,8.85
1235,3/27/2021,269.32,254.99,275.91,249.86,3290000,5.62
1236,3/28/2021,268.87,269.31,281.24,261.24,3500000,-0.17
1237,3/29/2021,275.12,268.87,277.49,264.92,2900000,2.32
1238,3/30/2021,311.41,275.12,311.41,271.3,5780000,13.19
1239,3/31/2021,302.18,311.41,316.44,287.24,4950000,-2.96
1240,4/1/2021,334.33,302.19,339,300.79,4610000,10.64
1241,4/2/2021,338.25,334.33,356.51,326.06,4450000,1.17
1242,4/3/2021,321.53,338.82,348.99,316.06,3290000,-4.94
1243,4/4/2021,349.37,321.91,352.21,316.54,2900000,8.66
1244,4/5/2021,367.41,349.36,379.45,335.86,3670000,5.16
1245,4/6/2021,402.69,367.41,411.6,364.2,4690000,9.6
1246,4/7/2021,375.47,402.69,414.08,358.2,6400000,-6.76
1247,4/8/2021,417.71,375.47,421.63,372.48,4250000,11.25
1248,4/9/2021,453.5,418.6,453.5,404.83,3800000,8.57
1249,4/10/2021,472.25,453.5,486.69,451.23,4810000,4.14
1250,4/11/2021,525.54,471.54,528.95,459.5,3770000,11.28
1251,4/12/2021,598.62,525.54,636.11,515.56,9530000,13.91
1252,4/13/2021,550.1,596.59,602.31,533.3,5620000,-8.1
1253,4/14/2021,549.61,550.13,590.36,525.39,4360000,-0.09
1254,4/15/2021,542.31,549.65,556.32,534.85,2410000,-1.33
1255,4/16/2021,508.73,542.3,547.51,491.21,4330000,-6.19
1256,4/17/2021,515.13,508.25,547.78,506.9,3060000,1.26
1257,4/18/2021,481.42,515.1,520,429.96,4660000,-6.54
1258,4/19/2021,503.97,481.47,539.96,469.31,5230000,4.68
1259,4/20/2021,587.5,503.98,588.98,474.35,5960000,16.57
1260,4/21/2021,543.34,587.45,612.86,537.64,5960000,-7.52
1261,4/22/2021,505.84,543.3,582.15,482.81,6690000,-6.9
1262,4/23/2021,526.56,505.12,529.95,450.94,7190000,4.1
1263,4/24/2021,497.5,526.52,527.18,483.39,3160000,-5.52
1264,4/25/2021,504.29,497.46,516.91,479.4,2640000,1.37
1265,4/26/2021,535.23,504.29,549.96,502.41,3250000,6.14
1266,4/27/2021,568.8,535.22,578.33,525.76,2950000,6.27
1267,4/28/2021,562.49,568.8,578.8,539.59,2670000,-1.11
1268,4/29/2021,600.38,563.22,614.64,554.73,4730000,6.74
1269,4/30/2021,623.33,599.89,627.71,586.03,3750000,3.82
1270,5/1/2021,619.84,623.25,643.21,611.49,2720000,-0.56
1271,5/2/2021,621.95,619.91,628.93,595.75,2350000,0.34
1272,5/3/2021,676.56,621.96,679.98,621.56,3140000,8.78
1273,5/4/2021,619.96,676.25,677.67,619.79,4130000,-8.37
1274,5/5/2021,650.99,620.81,656.35,620.55,2550000,5.01
1275,5/6/2021,633.28,650.81,653.58,620.02,2350000,-2.72
1276,5/7/2021,624.02,633.99,644.14,612.12,2260000,-1.46
1277,5/8/2021,646.18,624.35,657.77,618.73,2330000,3.55
1278,5/9/2021,661.65,646.17,678.27,631.44,2450000,2.39
1279,5/10/2021,631.68,661.65,690.87,592.52,3240000,-4.53
1280,5/11/2021,672.26,631.66,672.98,622.87,2780000,6.42
1281,5/12/2021,585.6,671.61,684.51,585.35,2920000,-12.89
1282,5/13/2021,571.76,585.61,632.91,527.16,5740000,-2.36
1283,5/14/2021,602.46,571.76,614.69,566.69,2300000,5.37
1284,5/15/2021,562.85,602.44,610.39,560.58,2380000,-6.57
1285,5/16/2021,563.41,562.84,606.53,535.01,3070000,0.1
1286,5/17/2021,511.76,563.37,563.38,484.3,4240000,-9.17
1287,5/18/2021,508.28,511.79,533.45,496.65,2860000,-0.68
1288,5/19/2021,335.12,508.27,515.55,282.3,11920000,-34.07
1289,5/20/2021,392.64,335.09,423.5,287.48,8490000,17.16
1290,5/21/2021,326.44,391.12,414.79,276.78,9210000,-16.86
1291,5/22/2021,299.25,326.44,334.69,286.5,5570000,-8.33
1292,5/23/2021,261.57,299.25,312.85,212.41,9230000,-12.59
1293,5/24/2021,345.02,261.56,349.89,257.97,8070000,31.9
1294,5/25/2021,343.77,345.44,374.86,307.55,7930000,-0.36
1295,5/26/2021,379.22,343.76,387.25,337.4,5820000,10.31
1296,5/27/2021,367.46,379.2,387.17,340.81,5180000,-3.1
1297,5/28/2021,329.31,369.79,373.28,313.42,6310000,-10.38
1298,5/29/2021,304.76,329.31,346.88,296.43,4570000,-7.45
1299,5/30/2021,325.59,304.81,337.77,291.72,4520000,6.83
1300,5/31/2021,353.74,325.6,355.43,307.9,4970000,8.65
1301,6/1/2021,362.39,353.63,364.16,340.56,4420000,2.45
1302,6/2/2021,401.12,362.39,417.41,351.19,5260000,10.69
1303,6/3/2021,427.59,401.13,432.58,391.83,5060000,6.6
1304,6/4/2021,390.97,428.47,428.71,366.56,5920000,-8.56
1305,6/5/2021,390.09,390.68,425.57,374.62,4790000,-0.23
1306,6/6/2021,393.2,390.09,399.82,382.07,2270000,0.8
1307,6/7/2021,358.08,393.23,406.99,354.55,3600000,-8.93
1308,6/8/2021,352.64,358.05,365.89,320.39,5990000,-1.52
1309,6/9/2021,375.29,352.54,378.44,333.69,4240000,6.42
1310,6/10/2021,351.43,375.53,376.81,344.96,2960000,-6.36
1311,6/11/2021,345.46,351.46,365.51,341.53,2710000,-1.7
1312,6/12/2021,343.23,345.59,348.75,325.63,2550000,-0.65
1313,6/13/2021,365.83,343.26,369,330.64,2390000,6.58
1314,6/14/2021,370.06,365.83,377.02,355.23,2420000,1.16
1315,6/15/2021,366.78,370.08,379.49,363.84,1900000,-0.89
1316,6/16/2021,347.15,366.77,366.77,343.49,1890000,-5.35
1317,6/17/2021,352.64,347.14,362.36,346.18,1530000,1.58
1318,6/18/2021,336.67,352.66,357.03,327.39,1950000,-4.53
1319,6/19/2021,334.19,336.71,344.33,331.88,1330000,-0.74
1320,6/20/2021,339.47,334.15,340.38,310.54,1990000,1.58
1321,6/21/2021,271.8,339.09,341.52,269.45,4550000,-19.94
1322,6/22/2021,261.45,271.81,290.65,225.93,6750000,-3.8
1323,6/23/2021,296.14,261.47,309.45,251.9,4070000,13.27
1324,6/24/2021,308.31,296.13,316.2,281.74,3120000,4.11
1325,6/25/2021,281.13,308.57,314.08,275.62,3260000,-8.81
1326,6/26/2021,279.45,281.15,290.05,264.47,2630000,-0.6
1327,6/27/2021,290.86,279.45,291.08,270,1790000,4.08
1328,6/28/2021,289.83,290.87,298.93,283.91,2160000,-0.35
1329,6/29/2021,299.88,289.85,315.04,289.27,2430000,3.47
1330,6/30/2021,303.25,299.88,304.71,281.84,2360000,1.12
1331,7/1/2021,287.63,303.24,303.41,281.4,1620000,-5.15
1332,7/2/2021,287.38,287.64,290.58,276.78,1180000,-0.09
1333,7/3/2021,299.25,287.37,302.93,283.06,1110000,4.13
1334,7/4/2021,307.88,299.25,314.73,299.1,1500000,2.88
1335,7/5/2021,302.31,307.88,307.88,292.4,1620000,-1.81
1336,7/6/2021,320.02,302.01,321.89,301.95,2340000,5.86
1337,7/7/2021,327.68,320.01,339.36,318.33,2020000,2.39
1338,7/8/2021,310.52,327.65,328.17,307.04,1890000,-5.24
1339,7/9/2021,316.77,310.52,319.48,302.28,1280000,2.01
1340,7/10/2021,316.07,316.77,321.2,310.82,958950,-0.22
1341,7/11/2021,321.88,316.07,326.55,312.28,929540,1.84
1342,7/12/2021,316.17,321.91,334.34,308.77,1520000,-1.77
1343,7/13/2021,308.98,316.15,318.16,305.35,1080000,-2.27
1344,7/14/2021,309.45,308.96,313.29,290.93,1650000,0.15
1345,7/15/2021,315.58,309.49,324.15,301.92,2490000,1.98
1346,7/16/2021,302.84,315.62,323.21,301.85,1770000,-4.04
1347,7/17/2021,300.31,302.88,306.41,295.11,1310000,-0.84
1348,7/18/2021,302.18,300.34,309,299.6,1030000,0.62
1349,7/19/2021,280.47,302.16,303.49,279.38,1630000,-7.18
1350,7/20/2021,264.59,280.48,283.25,255.79,2250000,-5.66
1351,7/21/2021,293.08,264.59,298.69,261.51,2180000,10.77
1352,7/22/2021,293.53,293.08,297.69,287.55,1470000,0.15
1353,7/23/2021,298.89,293.51,301.15,281.68,1980000,1.83
1354,7/24/2021,303.15,298.91,305.01,296.16,1810000,1.42
1355,7/25/2021,302.57,302.55,303.09,292.85,1250000,-0.19
1356,7/26/2021,304.31,302.6,327.62,301.19,2860000,0.58
1357,7/27/2021,313.67,304.31,318.25,298.53,1890000,3.08
1358,7/28/2021,313.76,313.69,318.59,308.53,1470000,0.03
1359,7/29/2021,316.72,313.76,319.97,309.08,1130000,0.94
1360,7/30/2021,322.63,316.72,325.26,306.75,1450000,1.87
1361,7/31/2021,332.41,322.61,337.95,317.64,1550000,3.03
1362,8/1/2021,332.78,332.32,347.44,329.82,1700000,0.11
1363,8/2/2021,330.86,332.76,338.06,326.39,1150000,-0.58
1364,8/3/2021,323.19,330.86,334.61,317.7,1180000,-2.32
1365,8/4/2021,334.89,323.39,337.04,319.97,1010000,3.62
1366,8/5/2021,337.88,334.89,339.91,323.71,1300000,0.89
1367,8/6/2021,342.08,337.88,347,331.43,1310000,1.24
1368,8/7/2021,356.28,342.08,359.58,340.65,1590000,4.15
1369,8/8/2021,341.83,356.18,359.78,337.08,1320000,-4.06
1370,8/9/2021,354.5,341.83,357.34,333.53,1330000,3.7
1371,8/10/2021,371.9,354.5,376.2,348.97,1710000,4.91
1372,8/11/2021,391.48,371.9,408.17,371.12,1970000,5.26
1373,8/12/2021,385.51,391.48,406.08,371.8,1900000,-1.52
1374,8/13/2021,410.9,385.51,411.03,383,1300000,6.59
1375,8/14/2021,408.91,410.89,418.76,400.43,1490000,-0.48
1376,8/15/2021,414.1,408.91,414.88,396.65,1280000,1.27
1377,8/16/2021,416.08,414.1,436.64,411.06,1900000,0.48
1378,8/17/2021,401.94,416.08,435.64,399.39,2040000,-3.4
1379,8/18/2021,396.48,401.94,412.07,386.69,1810000,-1.36
1380,8/19/2021,431.42,396.44,431.42,391.07,1890000,8.81
1381,8/20/2021,454.87,431.42,457.54,421.98,1730000,5.44
1382,8/21/2021,448.64,454.89,459.99,444.81,1470000,-1.37
1383,8/22/2021,448.68,448.64,458.23,438.03,1170000,0.01
1384,8/23/2021,499.79,448.68,508.85,447.02,2720000,11.39
1385,8/24/2021,494.93,499.79,504.05,491.41,2190000,-0.97
